nomadscore,cost,internet,fun,safety,city,country,dollarsPerMonth,rank,airbnbRatio,estimatedRent,lat,lng
100,70,80,84.3636,73.9667,Bangkok,Thailand,1415,1,2,707.5,13.7563309,100.5017651
95.3964,70,100,74.4444,78.9355,Budapest,Hungary,1745,2,3,581.6666666667,47.497912,19.040235
94.7472,20,80,83.6364,85.2579,Barcelona,Spain,3524,3,2,1762,41.3850639,2.1734035
91.9967,80,80,78.8235,72.8108,Ho Chi Minh City,Vietnam,864,4,2,432,10.8230989,106.6296638
88.6017,70,60,81.0526,38.8929,Medell%uFFFDn,Colombia,1415,5,1,1415,6.244203,-75.5812119
87.1973,30,80,86.3636,70.8696,"Los Angeles, CA",United States,4215,6,2,2107.5,34.0522342,-118.2436849
86.0831,70,80,80,65.8191,Kiev,Ukraine,1343,7,2,671.5,50.4501,30.5234
85.1146,50,80,82.5532,90.6098,Berlin,Germany,2999,8,2,1499.5,52.5200066,13.404954
84.8796,70,60,66.4516,74.1625,Kuala Lumpur,Malaysia,1366,9,1,1366,3.139003,101.686855
84.2056,70,60,83.3333,81.7857,Canggu Bali,Indonesia,1279,10,3,426.3333333333,-8.6478175,115.1385192
83.6294,70,100,72.3529,78.2879,Bucharest,Romania,1569,11,2,784.5,44.4267674,26.1025384
83.1205,30,60,95.7895,85.4,London,United Kingdom,4174,12,1,4174,51.5073509,-0.1277583
82.1524,20,80,76,83.0833,Stockholm,Sweden,3546,13,2,1773,59.3293235,18.0685808
81.9822,60,60,80,89.2619,Padova,Italy,2479,14,2,1239.5,45.4064349,11.8767611
81.9675,30,80,80,93.8,Frankfurt,Germany,4032,15,2,2016,50.1109221,8.6821267
81.7926,50,100,75.2381,97.22,Singapore,Singapore,2737,16,1,2737,1.352083,103.819836
81.7623,70,80,80,77.6562,Belgrade,Serbia,1330,17,3,443.3333333333,44.786568,20.4489216
81.3816,70,80,73.9623,76.5294,Chiang Mai,Thailand,1040,18,3,346.6666666667,18.7060641,98.9817163
81.2985,50,80,66.6667,98.0682,Vienna,Austria,2969,19,2,1484.5,48.2081743,16.3738189
81.1734,30,80,94.4828,71.5686,"New York City, NY",United States,5076,20,1,5076,40.7127753,-74.0059728
80.6583,50,80,64.7619,79.2857,"Dallas, TX",United States,2957,21,2,1478.5,32.7766642,-96.7969879
80.3242,50,80,50,77.2727,"Chattanooga, TN",United States,2817,22,3,939,35.0456297,-85.3096801
80.3024,70,80,100,51.45,Cancun,Mexico,1248,23,4,312,21.161908,-86.8515279
80.0273,60,80,83.8095,92.15,Valencia,Spain,2361,24,2,1180.5,39.4699075,-0.3762881
79.9737,60,100,79.1667,95.4231,Seoul,South Korea,2384,25,1,2384,37.566535,126.9779692
79.8626,40,80,100,76.1538,"Las Vegas, NV",United States,3195,26,3,1065,36.1699412,-115.1398296
79.217,20,80,60,91.575,Sydney,Australia,3562,27,1,3562,-33.8688197,151.2092955
79.1346,40,80,69.1667,83.5385,Vancouver,Canada,3314,28,2,1657,49.2827291,-123.1207375
79.0989,70,60,62.6667,70.1,Amman,Jordan,1506,29,2,753,31.9453666,35.9283716
78.9365,60,80,98.3333,88.8462,Prague,Czechia,2166,30,2,1083,50.0755381,14.4378005
78.9116,60,60,100,60.9286,Buenos Aires,Argentina,2053,31,3,684.3333333333,-34.6036844,-58.3815591
78.8059,30,80,71.5789,78.4615,"Seattle, WA",United States,5935,32,2,2967.5,47.6062095,-122.3320708
78.1929,70,80,61.3793,74.1538,Phuket,Thailand,1068,33,3,356,7.9519331,98.3380884
77.9567,70,80,83.3333,96.0217,Gdansk,Poland,1766,34,3,588.6666666667,54.3520252,18.6466384
77.7189,30,80,71.5789,96.3958,Copenhagen,Denmark,4848,35,1,4848,55.6760968,12.5683372
76.9202,30,80,73.3333,76.1111,"San Diego, CA",United States,4004,36,2,2002,32.715738,-117.1610838
76.9194,70,80,57.6471,92.4545,Braga,Portugal,1691,37,5,338.2,41.5454486,-8.426507
76.8643,70,60,61.0526,91.7308,Zagreb,Croatia,1738,38,4,434.5,45.8150108,15.9819189
76.7951,30,80,90,71.6667,"San Francisco, CA",United States,5541,39,1,5541,37.7749295,-122.4194155
76.4447,50,80,45.4545,79.1667,"Memphis, TN",United States,2753,40,2,1376.5,35.1495343,-90.0489801
76.4323,40,60,100,83.8,Limassol,Cyprus,3260,41,3,1086.6666666667,34.7071301,33.0226174
76.381,40,80,77.3684,50.175,Moscow,Russia,3072,42,8,384,55.755826,37.6172999
76.3064,70,60,61.8182,74.9565,Da Nang,Vietnam,1109,43,3,369.6666666667,16.0544068,108.2021667
76.2877,60,80,65.8824,65.5208,Montevideo,Uruguay,2152,44,2,1076,-34.9011127,-56.1645314
76.2341,70,60,65.4545,79.3548,Yerevan,Armenia,1375,45,4,343.75,40.1791857,44.4991029
75.9412,40,80,81.6667,77.2955,Lyon,France,3239,46,2,1619.5,45.764043,4.835659
75.7687,20,100,72,87.4565,Rotterdam,Netherlands,3538,47,2,1769,51.9244201,4.4777326
75.5512,50,80,76.3636,71.6667,"Jacksonville, FL",United States,2583,48,2,1291.5,30.3321838,-81.655651
75.423,20,40,80,46.95,Luanda,Angola,3613,49,1,3613,-8.8399876,13.2894368
75.4136,60,80,50.7692,80,"Oklahoma City, OK",United States,2397,50,1,2397,35.4675602,-97.5164276
75.3453,60,80,69.0303,87.36,Porto,Portugal,2183,51,3,727.6666666667,41.1579438,-8.6291053
75.3111,80,60,29.1892,83.4677,Denpasar Bali,Indonesia,771,52,9,85.6666666667,-8.6704582,115.2126293
75.151,50,80,61.6667,96.4286,Bremen,Germany,2818,53,2,1409,53.0792962,8.8016936
74.9428,40,80,68.75,69.62,Marseille,France,3109,54,2,1554.5,43.296482,5.36978
74.8332,50,80,58.6667,80,"San Antonio, TX",United States,2701,55,2,1350.5,29.4241219,-98.4936282
74.4898,70,100,71.4286,81.375,Timisoara,Romania,1430,56,4,357.5,45.7488716,21.2086793
74.1992,40,80,60,80,"Phoenix, AZ",United States,3278,57,2,1639,33.4483771,-112.0740373
74.193,70,60,51.4286,82.4524,Hangzhou,China,1024,58,2,512,30.274084,120.15507
74.0547,30,80,78.8235,72.8673,Paris,France,4730,59,3,1576.6666666667,48.856614,2.3522219
73.5163,20,60,74.1176,92.371,Dubai,United Arab Emirates,3801,60,1,3801,25.2048493,55.2707828
73.3671,50,80,70.8333,95.4,Cologne,Germany,2565,61,2,1282.5,50.937531,6.9602786
73.2575,30,80,83.4783,92.65,Amsterdam,Netherlands,5672,62,4,1418,52.3702157,4.8951679
73.1728,40,80,100,91.5682,Palma Mallorca,Spain,3300,63,3,1100,39.5696005,2.6501603
73.1697,30,80,78.3333,68.5714,"Philadelphia, PA",United States,4028,64,2,2014,39.9525839,-75.1652215
73.1363,70,100,74.4,80.5,Cluj,Romania,1684,65,3,561.3333333333,46.7712101,23.6236353
73.1301,60,80,61.8182,85.0909,Winnipeg,Canada,2140,66,2,1070,49.895136,-97.1383744
73.0578,50,80,80,90.6304,Alicante,Spain,2511,67,2,1255.5,38.3459963,-0.4906855
73.0097,40,80,80,80,"Virginia Beach, VA",United States,3475,68,1,3475,36.8529263,-75.977985
72.6973,60,60,87.7778,89.0172,Shanghai,China,2019,69,2,1009.5,31.2303904,121.4737021
72.5816,70,80,67.6923,43.2162,Guadalajara,Mexico,1147,70,3,382.3333333333,20.6596988,-103.3496092
72.4852,70,80,80,90.3864,Lodz,Poland,1290,71,3,430,51.7592485,19.4559833
72.4502,40,80,65.7143,97.0435,Auckland,New Zealand,3475,72,2,1737.5,-36.8484597,174.7633315
72.4262,60,80,75.4545,90.6667,Lisbon,Portugal,2462,73,3,820.6666666667,38.7222524,-9.1393366
72.3415,40,80,75.4545,80.9143,Toronto,Canada,3035,74,2,1517.5,43.653226,-79.3831843
72.3391,20,80,60,60.6667,"Baltimore, MD",United States,3816,75,1,3816,39.2903848,-76.6121893
72.2879,70,60,70,40.9107,Curitiba,Brazil,1308,76,2,654,-25.4244287,-49.2653819
72.2428,70,60,61.6667,59.2045,Quito,Ecuador,1154,77,2,577,-0.1806532,-78.4678382
72.2249,60,80,77.5,83.1304,Montreal,Canada,2235,78,2,1117.5,45.5016889,-73.567256
72.1433,70,80,70,47.3929,Saint Petersburg,Russia,1970,79,4,492.5,59.9342802,30.3350986
72.047,40,80,84.2857,92.8103,Madrid,Spain,3198,80,2,1599,40.4167754,-3.7037902
71.9402,70,60,80,84.2391,Ubud Bali,Indonesia,1247,81,3,415.6666666667,-8.5068536,115.2624778
71.9087,40,80,62.7586,84.913,Newcastle Upon Tyne,United Kingdom,3364,82,1,3364,54.978252,-1.61778
71.883,30,80,65.3333,97.3864,Reykjavik,Iceland,5180,83,3,1726.6666666667,64.1265206,-21.8174392
71.8644,70,80,49.3333,79.4524,Ploiesti,Romania,1183,84,4,295.75,44.936664,26.0128616
71.8263,50,60,50,80,"Boise, ID",United States,2721,85,2,1360.5,43.6187102,-116.2146068
71.8162,70,60,50,83.5435,Shenzhen,China,1737,86,2,868.5,22.543096,114.057865
71.6974,80,40,53.913,60.8333,Bishkek,Kyrgyzstan,988,87,3,329.3333333333,42.8746212,74.5697617
71.688,50,80,51.1111,70.7143,"Richmond, VA",United States,2752,88,2,1376,37.5407246,-77.4360481
71.4417,60,80,58.9474,91.25,Leipzig,Germany,2271,89,2,1135.5,51.3396955,12.3730747
71.3928,70,80,60,95.7619,Daejeon,South Korea,1537,90,2,768.5,36.3504119,127.3845475
71.3368,70,80,78.4,75.6111,Sofia,Bulgaria,1416,91,3,472,42.6977082,23.3218675
71.1931,40,100,71.3333,93.2679,Groningen,Netherlands,3001,93,2,1500.5,53.2193835,6.5665017
71.1931,60,80,65,86.1739,Ottawa,Canada,2201,92,2,1100.5,45.4215296,-75.6971931
71.1869,50,80,40,96.575,Adelaide,Australia,2782,94,2,1391,-34.9284989,138.6007456
71.0804,60,80,63.3333,80,"Knoxville, TN",United States,2481,95,2,1240.5,35.9606384,-83.9207392
71.0012,50,80,85.7143,87.1,Kitchener,Canada,2750,96,2,1375,43.4516395,-80.4925337
70.9693,50,80,60,76.6667,"Syracuse, NY",United States,2617,97,2,1308.5,43.0481221,-76.1474244
70.9631,70,80,84.6154,68.6548,Lviv,Ukraine,1023,98,4,255.75,49.839683,24.029717
70.9452,60,80,76.3636,76.7619,Abbotsford,Canada,2329,99,2,1164.5,49.0504377,-122.3044697
70.8473,40,80,76.6667,97.4048,Bern,Switzerland,3326,100,2,1663,46.9479739,7.4474468
70.6469,70,60,70,77.9259,Tbilisi,Georgia,1572,101,5,314.4,41.7151377,44.827096
70.3097,50,80,54.2857,79.0909,"Ann Arbor, MI",United States,2945,102,2,1472.5,42.2808256,-83.7430378
70.2304,70,80,76.5217,95.7619,Daegu,South Korea,1644,103,2,822,35.8714354,128.601445
70.218,30,80,80,97.275,Zurich,Switzerland,5516,104,2,2758,47.3768866,8.541694
70.0634,60,80,60,93.8571,Gwangju,South Korea,2049,105,4,512.25,35.1595454,126.8526012
70.0307,50,80,80,77.5,"Albuquerque, NM",United States,2753,106,2,1376.5,35.0843859,-106.650422
69.9965,70,60,93.3333,32.837,S%uFFFDo Paulo,Brazil,1911,107,1,1911,-23.5505199,-46.6333094
69.9569,60,60,45.3333,88.8478,Sharjah,United Arab Emirates,2288,108,2,1144,25.3462553,55.4209317
69.8132,40,80,58.1818,80,"Sacramento, CA",United States,3118,109,2,1559,38.5815719,-121.4943996
69.7759,70,80,40,48.4286,Krasnodar,Russia,1339,110,2,669.5,45.0392674,38.9872209
69.5039,50,100,53.0435,73.125,"Raleigh, NC",United States,2859,111,2,1429.5,35.7795897,-78.6381787
69.4239,70,80,66.1111,75.0769,Riga,Latvia,1790,112,3,596.6666666667,56.9496487,24.1051865
69.1955,70,100,61.1765,77.54,Brasov,Romania,1408,113,3,469.3333333333,45.6579755,25.6011977
69.0898,70,60,76.3636,35.5,Natal,Brazil,1260,114,4,315,-5.7792569,-35.200916
69.0409,70,80,60,96.7,Funchal Madeira,Portugal,1951,115,3,650.3333333333,32.6669328,-16.9240554
68.9422,70,80,82.1429,46.8974,Mexico City,Mexico,1910,116,2,955,19.4326077,-99.133208
68.8264,40,80,68.5714,69.4844,Brussels,Belgium,3173,117,2,1586.5,50.8503463,4.3517211
68.7775,60,80,72.9412,82.8261,Ljubljana,Slovenia,2074,118,3,691.3333333333,46.0569465,14.5057515
68.7308,40,80,80,87.2727,"New Haven, CT",United States,3014,119,1,3014,41.308274,-72.9278835
68.6508,60,80,55.7143,80,"Gainesville, FL",United States,2470,120,2,1235,29.6516344,-82.3248262
68.5444,70,80,78.1818,52.2273,Queretaro,Mexico,1004,121,2,502,20.5887932,-100.3898881
68.5296,30,80,61.5385,96.9286,Basel,Switzerland,4107,123,2,2053.5,47.5595986,7.5885761
68.5296,40,80,86.6667,95.65,Tokyo,Japan,3447,122,1,3447,35.6894875,139.6917064
68.5195,50,80,80,89.7381,Trento,Italy,2703,124,4,675.75,46.0747793,11.1217486
68.5125,70,80,60,69.1154,Chisinau,Moldova,1381,125,5,276.2,47.0104529,28.8638102
68.4076,20,80,88.2759,74.2105,"Miami, FL",United States,3511,126,2,1755.5,25.7616798,-80.1917902
68.274,70,80,45.7143,85.7381,Tartu,Estonia,1890,127,2,945,58.3606974,26.7277568
68.26,60,80,62.8571,86.6667,"Charlotte, NC",United States,2411,128,1,2411,35.2270869,-80.8431267
68.1217,20,80,71.5789,80,"Denver, CO",United States,3937,129,1,3937,39.7392358,-104.990251
68.0704,40,80,80,80,"Flagstaff, AZ",United States,3239,130,2,1619.5,35.1982836,-111.651302
68.0479,30,80,79.1667,66.3158,"Washington, DC",United States,4482,131,1,4482,38.9071923,-77.0368707
68.0199,70,60,100,59.5,La Plata,Argentina,1029,132,4,257.25,-34.9204948,-57.9535657
67.9609,70,80,65,87.9091,Coimbra,Portugal,1846,133,2,923,40.2033145,-8.4102573
67.9181,60,80,80,84.5,Treviso,Italy,2476,134,2,1238,45.6668893,12.2430437
67.8855,20,80,40,80,"Fairfax, VA",United States,3745,135,1,3745,38.8462236,-77.3063733
67.8622,30,80,100,81.025,Cannes,France,4150,145,4,1037.5,43.552847,7.017369
67.8435,40,80,43.6364,79.0909,"Fresno, CA",United States,3208,146,2,1604,36.7377981,-119.7871247
67.8233,40,80,77.1429,89.2619,Pisa,Italy,3215,147,3,1071.6666666667,43.7228386,10.4016888
67.8148,70,80,81.6,95.7619,Busan,South Korea,1907,148,2,953.5,35.1795543,129.0756416
67.7573,80,60,60,74.9565,Da Lat,Vietnam,915,149,3,305,11.9404192,108.4583132
67.7324,70,60,55,73.44,Tirana,Albania,1349,150,3,449.6666666667,41.3275459,19.8186982
67.6337,60,80,56.3636,85.8095,Surrey,Canada,2258,151,2,1129,49.1913466,-122.8490125
67.6128,80,80,79.3939,75.6129,Hoi An,Vietnam,907,152,4,226.75,15.8800584,108.3380469
67.5584,20,80,74.7059,77.1887,Tel Aviv,Israel,3917,153,2,1958.5,32.0852999,34.7817676
67.5487,80,60,78.6667,63.6892,Davao,Philippines,963,154,2,481.5,7.190708,125.455341
67.5459,50,80,48.5714,87.1,Victoria,Canada,2949,155,2,1474.5,48.4284207,-123.3656444
67.455,70,40,80,37.2381,Pretoria,South Africa,1938,156,6,323,-25.7478676,28.2292712
67.4185,80,40,66.6667,87.7955,Chengdu,China,987,157,2,493.5,30.572815,104.066801
67.4053,20,60,76.9231,70.8333,"Fort Lauderdale, FL",United States,3711,158,2,1855.5,26.1224386,-80.1373174
67.2585,50,80,81.8182,75.8542,Toulouse,France,2784,159,2,1392,43.604652,1.444209
67.0448,70,80,68.8462,89.9107,Taipei,Taiwan,1844,160,2,922,25.0329694,121.5654177
66.9702,30,80,55.8333,97.275,Lugano,Switzerland,4221,161,2,2110.5,46.0036778,8.951052
66.9461,60,80,60,80,"Chico, CA",United States,2473,162,2,1236.5,39.7284944,-121.8374777
66.8801,70,40,81.25,36.3684,Cape Town,South Africa,1908,163,2,954,-33.9248685,18.4240553
66.8669,50,60,60,87.1,Regina,Canada,2822,164,2,1411,50.4452112,-104.6188943
66.807,70,80,64.6154,65.1364,Kaunas,Lithuania,1846,165,3,615.3333333333,54.8985207,23.9035965
66.7495,20,80,61.4286,92.875,Salzburg,Austria,3529,166,5,705.8,47.80949,13.05501
66.6734,50,80,74.5455,80,"Madison, WI",United States,2865,167,2,1432.5,43.0730517,-89.4012302
66.633,20,80,44.6154,80,"San Jose, CA",United States,3834,168,1,3834,37.3382082,-121.8863286
66.6089,40,100,88.2353,75.8333,"Austin, TX",United States,3321,169,1,3321,30.267153,-97.7430608
66.5786,80,80,80,83.6905,Tainan,Taiwan,934,170,1,934,22.9997281,120.2270277
66.5359,50,80,58.1818,79.0909,"Louisville, KY",United States,2599,171,2,1299.5,38.2526647,-85.7584557
66.5254,70,80,100,91.1667,Tenerife Canary Islands,Spain,1989,172,2,994.5,28.2915637,-16.6291304
66.4916,60,80,74.5455,77.2727,"Buffalo, NY",United States,2498,173,2,1249,42.8864468,-78.8783689
66.4807,30,80,61.8182,84.15,Cardiff,United Kingdom,4206,174,5,841.2,51.481581,-3.17909
66.4578,70,60,70.5263,31.0556,Bogota,Colombia,1245,175,2,622.5,4.7109886,-74.072092
66.4434,50,80,70,80,"Tampa, FL",United States,2692,176,1,2692,27.950575,-82.4571776
66.4271,40,80,100,79.5476,Lille,France,3174,177,2,1587,50.62925,3.057256
66.4263,60,80,60,87.1,Moncton,Canada,2496,178,2,1248,46.0878165,-64.7782313
66.3758,30,80,76.6667,78.3333,"Boston, MA",United States,5181,179,1,5181,42.3600825,-71.0588801
66.3727,70,80,80,86.2292,Kosice,Slovakia,1619,180,3,539.6666666667,48.7163857,21.2610746
66.3603,70,40,60,81.9762,Qingdao,China,1121,181,1,1121,36.067108,120.382609
66.3455,40,60,92.3077,90.5625,Abu Dhabi,United Arab Emirates,3404,182,1,3404,24.453884,54.3773438
66.309,70,80,58.1818,50.9048,Hermosillo,Mexico,1163,183,3,387.6666666667,29.0729673,-110.9559192
66.2795,80,40,40,86.575,Nanchang,China,849,184,5,169.8,28.682892,115.858197
66.2701,70,60,66.1538,59.2391,Guayaquil,Ecuador,1703,185,5,340.6,-2.1709979,-79.9223592
66.187,70,100,71.4286,94.1364,Jeju Island,South Korea,1912,186,3,637.3333333333,33.4890113,126.4983023
66.1847,70,80,94.6667,88.95,Krak%uFFFDw,Poland,1733,187,2,866.5,50.0646501,19.9449799
66.1148,20,80,76.3636,84.4783,Oxford,United Kingdom,3843,188,2,1921.5,51.7520209,-1.2577263
66.0883,70,80,94.1176,90.75,Warsaw,Poland,1999,189,2,999.5,52.2296756,21.0122287
66.0293,50,80,58.1818,71.025,Grenoble,France,2558,190,2,1279,45.188529,5.724524
65.8537,70,60,60,36.2727,Barranquilla,Colombia,1115,191,2,557.5,11.0041072,-74.8069813
65.8016,70,80,49.2308,90.4048,Szczecin,Poland,1584,192,3,528,53.4285438,14.5528116
65.7962,70,60,79.1304,72.527,Izmir,Turkey,1053,193,3,351,38.423734,27.142826
65.7853,40,80,60,91.575,Hobart,Australia,3451,194,3,1150.3333333333,-42.8821377,147.3271949
65.5934,50,80,67.6923,80,"Grand Rapids, MI",United States,2595,195,2,1297.5,42.9633599,-85.6680863
65.5623,60,80,70.5882,81.3864,Tallinn,Estonia,2300,196,4,575,59.4369608,24.7535747
65.5538,50,80,87.1429,89.15,Leicester,United Kingdom,2737,197,2,1368.5,52.6368778,-1.1397592
65.5476,50,80,58.1818,76.7619,Halifax,Canada,2588,198,2,1294,44.6487635,-63.5752387
65.5351,40,80,80,80,"Providence, RI",United States,3375,199,2,1687.5,41.8239891,-71.4128343
65.5044,70,60,58.5714,76.1667,Taghazout,Morocco,1121,200,5,224.2,30.5453374,-9.7089858
65.3805,50,80,81.8182,80.9091,"Pittsburgh, PA",United States,2508,201,2,1254,40.4406248,-79.9958864
65.3797,30,80,76.3636,87.625,Helsinki,Finland,4205,202,2,2102.5,60.1698557,24.9383791
65.3518,40,80,40,70,"Hartford, CT",United States,3072,203,1,3072,41.7658043,-72.6733723
65.3316,40,80,92.7273,87.1,Lethbridge,Canada,3259,204,2,1629.5,49.69349,-112.84184
65.3114,80,40,60,35.1429,Bucaramanga,Colombia,816,205,2,408,7.119349,-73.1227416
65.2764,50,80,61.8182,80,"Bellingham, WA",United States,2816,206,2,1408,48.7519112,-122.4786854
65.2321,50,80,60,82.1,Grande Prairie,Canada,2785,207,2,1392.5,55.1699396,-118.7986152
65.1995,40,80,61.5385,90,"Asheville, NC",United States,3364,208,2,1682,35.5950581,-82.5514869
65.1148,50,80,56.3636,80,"Columbus, OH",United States,2992,209,2,1496,39.9611755,-82.9987942
65.0464,40,80,98.3333,87.1,Kelowna,Canada,3248,210,3,1082.6666666667,49.8879519,-119.4960106
65.0417,40,80,67.6923,80,"Salt Lake City, UT",United States,3000,211,2,1500,40.7607793,-111.8910474
65.0246,50,80,72.7273,87.625,Tampere,Finland,2824,212,2,1412,61.4977524,23.7609535
65.0223,20,80,80,96.075,Breda,Netherlands,3905,213,3,1301.6666666667,51.5719149,4.768323
65.0192,70,80,69.5238,81.66,Plovdiv,Bulgaria,1453,214,4,363.25,42.1354079,24.7452904
64.8475,50,100,74.5455,67.3684,"Kansas City, MO",United States,2680,215,2,1340,39.0997265,-94.5785667
64.8242,30,80,100,90.725,Ibiza,Spain,4335,216,6,722.5,39.0200099,1.4821482
64.8234,40,80,40,80,"Huntsville, AL",United States,3147,217,3,1049,34.7303688,-86.5861037
64.8102,60,80,60,82.1,Brampton,Canada,2171,218,2,1085.5,43.7315479,-79.7624177
64.7644,50,80,63.6364,84.15,Nottingham,United Kingdom,2724,219,2,1362,52.9547832,-1.1581086
64.7543,30,60,60,80,"Anchorage, AK",United States,4355,220,3,1451.6666666667,61.2180556,-149.9002778
64.7512,30,80,100,90.725,Ciutadella Menorca,Spain,4058,221,17,238.7058823529,39.9990786,3.8389415
64.7255,80,60,63.6364,82.3409,Chongqing,China,929,222,4,232.25,29.4315861,106.912251
64.5989,60,80,47.1429,70,"Tucson, AZ",United States,2480,223,2,1240,32.2226066,-110.9747108
64.5631,50,80,96.3636,89.6667,Leeds,United Kingdom,2842,224,2,1421,53.8007554,-1.5490774
64.5313,40,80,65,65.5556,"Oakland, CA",United States,3099,225,1,3099,37.8043637,-122.2711137
64.48,20,60,98.1818,80.9318,Nice,France,3511,226,2,1755.5,43.7101728,7.2619532
64.4528,60,80,60,85.3333,Oshawa,Canada,2196,227,2,1098,43.8970929,-78.8657912
64.4435,50,60,97.5,90.4643,Athens,Greece,2800,228,4,700,37.9838096,23.7275388
64.3829,40,80,80,80,"Santa Fe, NM",United States,3406,229,2,1703,35.6869752,-105.937799
64.3246,70,80,63.5294,89.9792,Bratislava,Slovakia,1751,230,4,437.75,48.1485965,17.1077478
64.2049,50,80,40,91.575,Wollongong,Australia,2729,231,2,1364.5,-34.4278121,150.8930607
64.1715,50,80,53.8462,82.625,Oulu,Finland,2515,232,3,838.3333333333,65.0120888,25.4650772
64.1552,50,80,60,97.6,Dunedin,New Zealand,2767,233,3,922.3333333333,-45.8787605,170.5027976
64.1366,70,60,57.931,80.625,Jakarta,Indonesia,1265,234,2,632.5,-6.17511,106.8650395
64.1335,70,60,63.4783,75.3226,Santiago,Chile,1753,235,3,584.3333333333,-33.4488897,-70.6692655
64.0651,40,60,40,96.575,Canberra,Australia,3309,236,1,3309,-35.2809368,149.1300092
64.0286,30,80,63.0769,90.9091,Luxembourg,Luxembourg,5878,237,1,5878,49.611621,6.1319346
63.9827,80,40,67.7143,65.9483,Cairo,Egypt,831,238,4,207.75,30.0444196,31.2357116
63.9594,50,80,61.6667,91.25,Aachen,Germany,2731,239,3,910.3333333333,50.7753455,6.0838868
63.947,30,80,80,96.25,Tromso,Norway,4203,240,2,2101.5,69.6492047,18.9553239
63.8701,70,60,76.3636,75.1905,Port Louis,Mauritius,1946,242,3,648.6666666667,-20.1608912,57.5012222
63.8701,40,100,80,82.425,Antwerp,Belgium,3491,241,2,1745.5,51.2194475,4.4024643
63.8359,80,60,67.5231,80.2045,Bandung,Indonesia,779,243,5,155.8,-6.9174639,107.6191228
63.7986,40,80,98.1818,79.2857,"Portland, OR",United States,3120,244,2,1560,45.5230622,-122.6764815
63.7419,20,80,80,80,"Bridgeport, CT",United States,3731,245,2,1865.5,41.1792258,-73.1894384
63.6952,50,80,80,75.3846,"Milwaukee, WI",United States,2756,246,2,1378,43.0389025,-87.9064736
63.6704,50,80,65,86.3636,"Cincinnati, OH",United States,2680,247,1,2680,39.1031182,-84.5120196
63.6261,40,100,63.0769,96.4318,Eindhoven,Netherlands,3354,248,1,3354,51.441642,5.4697225
63.5437,20,80,80,73.0769,"Minneapolis, MN",United States,3706,249,2,1853,44.977753,-93.2650108
63.4963,40,80,80,96.075,Haarlem,Netherlands,3298,250,3,1099.3333333333,52.3873878,4.6462194
63.4893,50,80,72.2222,92.58,Javea,Spain,2856,251,6,476,38.7890109,0.1660813
63.4598,30,80,62.5,71.2917,Jerusalem,Israel,4102,252,2,2051,31.768319,35.21371
63.4544,50,80,57.5,45.0741,Kazan,Russia,2751,253,17,161.8235294118,55.8304307,49.0660806
63.4497,70,80,60,88.375,Kaohsiung,Taiwan,1283,254,4,320.75,22.6272784,120.3014353
63.4163,30,60,100,90,Honolulu Hawaii,United States,4084,255,2,2042,21.3069444,-157.8583333
63.3883,40,60,47.6923,88.15,Rethymno,Greece,3016,256,7,430.8571428571,35.3643615,24.4821552
63.2951,20,100,63.6364,75.7381,Strasbourg,France,3766,257,2,1883,48.5734053,7.7521113
63.2718,50,80,60,80,"Norfolk, VA",United States,2511,258,1,2511,36.8507689,-76.2858726
63.2601,50,80,50,87.1,Nanaimo,Canada,2951,259,4,737.75,49.1658836,-123.9400648
63.2555,50,60,52.3077,87.1522,Trieste,Italy,2823,260,3,941,45.6495264,13.7768182
63.2477,70,80,52.3077,83.375,Taichung,Taiwan,1333,261,3,444.3333333333,24.1477358,120.6736482
63.2182,30,80,62.6667,80.9091,"Palo Alto, CA",United States,5449,262,2,2724.5,37.4418834,-122.1430195
63.1576,70,80,60,36.3864,Campinas,Brazil,1530,263,2,765,-22.9098833,-47.0625812
63.1482,60,80,61.8182,82.4762,Guelph,Canada,2399,264,1,2399,43.5448048,-80.2481666
63.0434,40,80,58.1818,85.3333,Windsor,Canada,3014,265,2,1507,42.3149367,-83.0363633
62.9563,30,80,81.8182,92,Galway,Ireland,4048,266,3,1349.3333333333,53.270668,-9.0567905
62.9462,70,60,92.7273,67.5652,Yangon,Myanmar,1089,267,2,544.5,16.8660694,96.195132
62.9315,60,80,60,70,"Wichita, KS",United States,2132,268,1,2132,37.6871761,-97.330053
62.8569,50,80,61.5385,77.3636,Calgary,Canada,2769,269,1,2769,51.0486151,-114.0708459
62.8312,70,80,57.8947,75.9615,Novi Sad,Serbia,1405,270,8,175.625,45.2671352,19.8335496
62.7512,50,80,49.2308,61.5385,"St. Louis, MO",United States,2676,271,1,2676,38.6270025,-90.1994042
62.724,60,80,98.1818,70.5417,Vilnius,Lithuania,2091,272,2,1045.5,54.6871555,25.2796514
62.6836,70,60,63.6364,77.325,George Town Penang,Malaysia,1055,273,4,263.75,5.4356367,100.3091
62.5943,30,80,100,80,"Key West, FL",United States,5290,274,1,5290,24.5550593,-81.7799871
62.5911,60,60,43.3333,76.9091,Edmonton,Canada,2008,275,1,2008,53.544389,-113.4909267
62.5779,20,100,83.3333,96.075,Utrecht,Netherlands,3727,276,2,1863.5,52.0907374,5.1214201
62.5647,20,100,80,95.9773,Leiden,Netherlands,3726,277,2,1863,52.1601144,4.4970097
62.5469,80,60,50,80.5682,Surabaya,Indonesia,847,278,2,423.5,-7.2574719,112.7520883
62.522,70,80,70.6667,80.5227,Varna,Bulgaria,1391,279,6,231.8333333333,43.2140504,27.9147333
62.4754,40,60,68,81.4524,Bordeaux,France,3171,280,2,1585.5,44.837789,-0.57918
62.4715,70,60,44.2857,90.75,Rijeka,Croatia,1431,281,5,286.2,45.3270631,14.442176
62.4117,20,80,60,40,"Stamford, CT",United States,3980,282,1,3980,41.0534302,-73.5387341
62.3915,40,80,60,80,"Dayton, OH",United States,3222,283,3,1074,39.7589478,-84.1916069
62.3868,40,80,78.3333,96.25,Dortmund,Germany,3249,284,2,1624.5,51.5135872,7.4652981
62.348,20,60,80,70,"West Palm Beach, FL",United States,3539,285,2,1769.5,26.7153424,-80.0533746
62.257,30,80,70,94.913,Edinburgh,United Kingdom,5288,286,3,1762.6666666667,55.953252,-3.188267
62.24,70,40,78.4615,72.38,Kuwait City,Kuwait,1032,287,2,516,29.375859,47.9774052
62.2267,20,80,60,87.625,Turku,Finland,3861,288,4,965.25,60.4518126,22.2666302
62.1871,30,60,60,80,"Princeton, NJ",United States,4603,289,2,2301.5,40.3572976,-74.6672226
62.1063,70,80,67.6923,51.5,Merida,Mexico,1066,290,4,266.5,20.9673702,-89.5925857
62.0884,60,80,71.4286,90.725,Malaga,Spain,2427,291,2,1213.5,36.7212737,-4.4213988
62.0698,50,80,43.3333,80,"Ogden, UT",United States,2520,292,3,840,41.223,-111.9738304
62.0061,60,80,60,80,"Ashland, OR",United States,2409,293,3,803,42.1945758,-122.7094767
61.9478,50,80,60,72.5,"Indianapolis, IN",United States,2639,294,2,1319.5,39.768403,-86.158068
61.9222,100,40,53.3333,67.4464,Tabriz,Iran,435,295,1,435,38.096239,46.2738013
61.8732,80,60,75.3846,76.1087,Colombo,Sri Lanka,986,296,3,328.6666666667,6.9270786,79.861243
61.8025,20,80,63.6364,80.9091,"Park City, UT",United States,3653,297,4,913.25,40.6460622,-111.4979729
61.7699,70,80,81.8182,34.1552,Fortaleza,Brazil,1332,298,3,444,-3.7319029,-38.5267393
61.7621,30,80,80,70,"Santa Barbara, CA",United States,4607,299,2,2303.5,34.4208305,-119.6981901
61.693,60,60,63.6364,44.2097,San Jos%uFFFD,Costa Rica,2040,300,2,1020,9.9280694,-84.0907246
61.6829,70,60,80,81.9762,Guangzhou,China,1461,301,2,730.5,23.12911,113.264385
61.6456,70,40,91.6667,35.8333,Antigua,Guatemala,1177,302,3,392.3333333333,14.5585707,-90.729523
61.6261,20,80,64.6154,84.3542,Bologna,Italy,3567,303,2,1783.5,44.494887,11.3426162
61.6083,50,80,63.6364,70,"Cleveland, OH",United States,2913,304,2,1456.5,41.49932,-81.6943605
61.5694,20,60,63.3333,89.225,Verona,Italy,3733,305,3,1244.3333333333,45.4383842,10.9916215
61.5174,60,80,47.6923,90.75,Zadar,Croatia,2022,306,9,224.6666666667,44.119371,15.2313648
61.4902,40,80,80,92.4091,Birmingham,United Kingdom,3422,307,2,1711,52.486243,-1.890401
61.4871,40,80,83.8462,84.5556,Manchester,United Kingdom,3130,308,2,1565,53.4807593,-2.2426305
61.4358,40,80,47.1429,79.0909,"Omaha, NE",United States,3067,309,4,766.75,41.2565369,-95.9345034
61.4101,20,80,80,86.575,Byron Bay,Australia,3838,310,3,1279.3333333333,-28.6473671,153.601977
61.4039,80,60,50.7692,80.7955,Yogyakarta,Indonesia,844,311,2,422,-7.7955798,110.3694896
61.3223,40,60,100,93.7727,Bristol,United Kingdom,3129,312,2,1564.5,51.454513,-2.58791
61.3006,70,80,50.7692,75.075,Burgas,Bulgaria,1730,313,6,288.3333333333,42.5047926,27.4626361
61.1701,30,80,76.9231,96.25,Bergen,Norway,4571,314,2,2285.5,60.3912628,5.3220544
61.1421,60,100,61.8182,82.1,Whistler,Canada,2358,315,1,2358,50.1163196,-122.9573563
61.1382,40,100,60,96.25,Aalesund,Norway,3403,316,2,1701.5,62.4722284,6.1494821
61.0815,40,80,80,87.625,Espoo,Finland,3464,317,1,3464,60.2054911,24.6559
61.0325,80,60,60,80.6818,Sanur Bali,Indonesia,870,318,6,145,-8.7062767,115.261997
60.9642,60,100,80,84.881,Malmo,Sweden,2451,319,2,1225.5,55.604981,13.003822
60.9634,20,80,55,96.8333,Aalborg,Denmark,3633,320,2,1816.5,57.0488195,9.921747
60.9579,40,80,69.4118,93.4167,Wellington,New Zealand,3282,321,2,1641,-41.2864603,174.776236
60.7854,20,80,41.8182,96.075,Zwolle,Netherlands,3746,322,3,1248.6666666667,52.5167747,6.0830219
60.7287,20,80,98.1818,81.0714,Gothenburg,Sweden,3507,323,2,1753.5,57.70887,11.97456
60.6922,60,80,60,61.25,"Detroit, MI",United States,2271,324,2,1135.5,42.331427,-83.0457538
60.6844,40,80,96.8,85.4674,Hong Kong,China,3146,325,1,3146,22.396428,114.109497
60.6751,80,20,65.7143,43.9318,Kampala,Uganda,970,326,5,194,0.3475964,32.5825197
60.6604,40,80,63.6364,90.2045,Cagliari Sardinia,Italy,3443,327,3,1147.6666666667,39.2238411,9.1216613
60.6425,70,60,0,65.3077,Essaouira,Morocco,1084,328,3,361.3333333333,31.5084926,-9.7595041
60.334,80,60,60,56.619,Arequipa,Peru,828,329,3,276,-16.4090474,-71.537451
60.2353,70,60,72,61.6957,Cordoba,Argentina,1172,330,6,195.3333333333,-31.4200833,-64.1887761
60.2097,60,80,60,70,"Battle Creek, MI",United States,2113,331,3,704.3333333333,42.3211522,-85.1797142
60.1716,20,80,67.6923,88.2381,Brighton,United Kingdom,3691,332,2,1845.5,50.82253,-0.137163
60.146,60,80,66.1538,96.25,Dresden,Germany,2397,333,2,1198.5,51.0504088,13.7372621
60.1452,70,80,98.1818,49.9318,Bocas del Toro,Panama,1824,334,4,456,9.4165521,-82.5207787
60.0986,20,80,80,96.075,Tilburg,Netherlands,3644,335,2,1822,51.5852528,5.056375
60.0753,50,80,58.1818,94.15,Sheffield,United Kingdom,2989,336,2,1494.5,53.381129,-1.470085
60.0054,40,60,61.8182,80.9091,"Scottsdale, AZ",United States,3494,337,1,3494,33.4941704,-111.9260519
59.9541,20,80,58.3333,91.075,Nijmegen,Netherlands,3921,338,3,1307,51.8125626,5.8372264
59.9494,40,80,60,80,"Ithaca, NY",United States,3118,339,2,1559,42.4439614,-76.5018807
59.9044,70,60,94.2857,75.3148,Antalya,Turkey,1206,340,6,201,36.8968908,30.7133233
59.8422,50,80,40,91.575,Cairns,Australia,2769,341,2,1384.5,-16.9185514,145.7780548
59.7964,60,20,40,50.2143,Conakry,Guinea,2382,342,11,216.5454545455,9.6411855,-13.5784012
59.7311,70,80,83.0769,62.4565,Cebu,Philippines,1415,343,3,471.6666666667,10.607936,123.8857747
59.707,70,60,80,57.6538,Lima,Peru,1332,344,2,666,-12.0463731,-77.042754
59.6705,20,80,60,89.15,York,United Kingdom,3891,345,2,1945.5,53.9599651,-1.0872979
59.6122,30,80,40,91.575,Darwin,Australia,4006,346,1,4006,-12.4634403,130.8456418
59.4793,30,80,65.5556,94.4167,Dublin,Ireland,4353,347,2,2176.5,53.3498053,-6.2603097
59.4498,50,80,74.7368,95.9286,Seville,Spain,2849,348,2,1424.5,37.3890924,-5.9844589
59.369,70,60,60,66.175,Alanya,Turkey,1282,349,8,160.25,36.544443,31.995408
59.2323,20,80,86.6667,78.1818,"Nashville, TN",United States,3764,350,3,1254.6666666667,36.1626638,-86.7816016
59.2284,40,80,53.75,96.25,Dusseldorf,Germany,3284,351,3,1094.6666666667,51.2277411,6.7734556
59.1678,70,60,91.6667,40.8519,Cartagena,Colombia,1690,352,2,845,10.3910485,-75.4794257
59.1507,40,100,80,80,"Boulder, CO",United States,3444,353,2,1722,40.0149856,-105.2705456
59.146,70,80,71.25,88.6167,Wroc%u0142aw,Poland,1826,354,2,913,51.1078852,17.0385376
59.0543,30,80,76.3636,97.3095,Aarhus,Denmark,4252,355,2,2126,56.162939,10.203921
59.0372,80,40,60,86.575,Shantou,China,876,356,4,219,23.354091,116.681972
58.9961,40,80,83.3333,95.725,Marbella,Spain,3477,357,4,869.25,36.510071,-4.8824474
58.9098,70,60,45.4545,37.1667,Joao Pessoa,Brazil,1584,358,1,1584,-7.1194958,-34.8450118
58.8593,70,60,58.1818,73.4,El Jadida,Morocco,1189,359,4,297.25,33.2316326,-8.5007116
58.641,50,100,63.6364,77.425,Leuven,Belgium,2776,360,2,1388,50.8798438,4.7005176
58.6107,20,80,60,70,"Salem, MA",United States,3999,361,4,999.75,42.51954,-70.8967155
58.5928,80,40,95,70.0968,Kathmandu,Nepal,700,362,5,140,27.7172453,85.3239605
58.5602,40,80,80,94.15,Liverpool,United Kingdom,3044,363,2,1522,53.4083714,-2.9915726
58.5446,20,100,81.8182,96.075,The Hague,Netherlands,3664,364,1,3664,52.0704978,4.3006999
58.5042,70,60,60,39.0714,Brasilia,Brazil,1738,365,3,579.3333333333,-15.7942287,-47.8821658
58.4522,80,60,100,43.56,Tijuana,Mexico,857,366,4,214.25,32.5149469,-117.0382471
58.4467,20,80,80,70.9545,Haifa,Israel,3691,367,3,1230.3333333333,32.7940463,34.989571
58.4351,30,80,57.3333,70,"Charleston, SC",United States,6266,368,2,3133,32.7764749,-79.9310512
58.3667,70,60,60,56.7727,Rosario,Argentina,1547,370,5,309.4,-32.9442426,-60.6505388
58.3667,20,80,90.6667,96.4286,Hamburg,Germany,3607,369,1,3607,53.5510846,9.9936819
58.3551,70,60,74.8387,71.5635,Istanbul,Turkey,1372,371,3,457.3333333333,41.0082376,28.9783589
58.3341,70,80,91.4286,81.2115,Bansko,Bulgaria,1281,372,5,256.2,41.8404241,23.485653
58.3325,70,40,67.6923,53.6154,Nairobi,Kenya,1405,373,3,468.3333333333,-1.2920659,36.8219462
58.23,70,40,60,26.0217,San Salvador,El Salvador,1179,374,3,393,13.6929403,-89.2181911
58.1709,40,80,74.5455,90,"Riverside, CA",United States,3001,375,1,3001,33.9806005,-117.3754942
57.9941,70,60,65,27.12,Cali,Colombia,1039,376,3,346.3333333333,3.4516467,-76.5319854
57.9736,50,80,66.1538,86.5682,Bilbao,Spain,2609,377,2,1304.5,43.2630126,-2.9349852
57.9184,70,20,81.8182,68.1429,Khulna,Bangladesh,1326,378,7,189.4285714286,22.845641,89.5403279
57.8477,70,60,100,69.9091,Marrakesh,Morocco,1703,379,3,567.6666666667,31.6294723,-7.9810845
57.8143,40,60,80,90,Hilo Hawaii,United States,3244,380,2,1622,19.7241106,-155.0868193
57.6193,30,80,83.0769,91.1364,Oslo,Norway,4961,381,2,2480.5,59.9138688,10.7522454
57.5276,40,80,60,80,"Bedford, OH",United States,3437,382,3,1145.6666666667,41.3931096,-81.5365094
57.5144,60,60,80.9091,86.1667,Manama,Bahrain,2456,383,3,818.6666666667,26.2285161,50.5860497
57.4841,60,80,64.6154,90.6905,A Coruna,Spain,2344,384,2,1172,43.3623436,-8.4115401
57.4553,40,80,72.3077,92.5238,Luton,United Kingdom,3393,385,3,1131,51.8786707,-0.4200255
57.4413,70,60,80,71.1667,Amritsar,India,1004,386,20,50.2,31.6339793,74.8722642
57.3761,50,60,78.3333,71.6957,Doha,Qatar,2852,387,1,2852,25.2854473,51.5310398
57.3504,70,60,58.75,75,Skopje,Macedonia,1343,388,4,335.75,41.9973462,21.4279956
57.3007,50,80,80,90,"Oxnard, CA",United States,2961,389,3,987,34.1975048,-119.1770516
57.2883,70,60,60,48.1667,Jarabacoa,Dominican Republic,1993,390,5,398.6,19.1168606,-70.6097821
57.094,70,60,100,74.375,El Gouna,Egypt,1393,391,3,464.3333333333,27.402484,33.6511438
56.9619,70,80,61.5385,82.4762,Quebec City,Canada,1928,392,3,642.6666666667,46.8138783,-71.2079809
56.9091,20,100,55,66.1111,"Houston, TX",United States,3949,393,2,1974.5,29.7604267,-95.3698028
56.906,30,100,80,80,"Lake Tahoe, CA",United States,4237,394,3,1412.3333333333,39.0968493,-120.0323507
56.8058,30,100,60,96.075,Lelystad,Netherlands,4110,395,2,2055,52.518537,5.471422
56.7343,80,60,66.6667,68.6739,Coimbatore,India,954,396,7,136.2857142857,11.0168445,76.9558321
56.7281,40,100,60,96.075,Leeuwarden,Netherlands,3290,397,2,1645,53.2012334,5.7999133
56.676,70,80,60,83.8636,Nis,Serbia,1669,398,4,417.25,43.3209022,21.8957589
56.6449,30,80,60,80,Ajaccio Corsica,France,5054,399,3,1684.6666666667,41.919229,8.738635
56.5851,100,40,43.6364,67.8333,Vasai,India,438,400,10,43.8,19.3919275,72.8397317
56.5532,70,20,60,59.475,Dushanbe,Tajikistan,1040,401,3,346.6666666667,38.5597722,68.7870384
56.4483,70,40,45,87.2143,Jiaxing,China,1290,402,3,430,30.753924,120.758543
56.446,70,60,60,71.725,Visakhapatnam,India,1296,403,15,86.4,17.6868159,83.2184815
56.4281,40,80,80,89.225,Modena,Italy,3207,404,2,1603.5,44.647128,10.9252269
56.394,20,80,64.2857,61.5789,"Chicago, IL",United States,3650,405,2,1825,41.8781136,-87.6297982
56.3621,60,60,61.6667,83.1346,Beijing,China,2007,406,2,1003.5,39.9041999,116.4073963
56.359,40,100,40,96.075,Arnhem,Netherlands,3315,407,3,1105,51.9851034,5.8987296
56.3124,20,80,80,92.3077,Sliema,Malta,3615,408,3,1205,35.9110081,14.502904
56.3062,30,100,100,80,Kauai Hawaii,United States,7206,409,1,7206,22.0964396,-159.5261238
56.2378,80,60,80,68.4,Fes,Morocco,967,410,7,138.1428571429,34.0181246,-5.0078451
56.1531,60,80,43.6364,82.1,Fredericton,Canada,2125,411,2,1062.5,45.9635895,-66.6431151
56.1508,70,80,80,68,Chiang Rai,Thailand,1001,412,3,333.6666666667,19.9104798,99.840576
56.0902,40,80,60,80.9091,"Colorado Springs, CO",United States,3192,413,2,1596,38.8338816,-104.8213634
56.0529,70,60,70,88.8261,Thessaloniki,Greece,1998,414,3,666,40.6400629,22.9444191
56.0451,70,80,60,86.7381,Tianjin,China,1093,415,3,364.3333333333,39.3433574,117.3616476
56.0187,70,40,45.4545,86.575,Xiamen,China,1611,416,4,402.75,24.479833,118.089425
55.8835,80,60,52.7778,68.375,Bangalore,India,859,417,4,214.75,12.9715987,77.5945627
55.8485,30,100,61.8182,77.425,Bruges,Belgium,4139,418,3,1379.6666666667,51.209348,3.2246995
55.8454,70,80,60,39.381,Saratov,Russia,1557,419,12,129.75,51.5923654,45.9608031
55.8027,80,80,80,74,Nha Trang,Vietnam,607,420,4,151.75,12.2387911,109.1967488
55.7436,70,20,60,44.35,Abidjan,Ivory Coast,1274,421,1,1274,5.3599517,-4.0082563
55.69,20,80,70,88.8913,Milan,Italy,3942,422,2,1971,45.4642035,9.189982
55.6768,40,80,60,96.25,Hannover,Germany,3341,423,4,835.25,52.3758916,9.7320104
55.6146,20,100,41.8182,96.075,Deventer,Netherlands,3821,424,4,955.25,52.2660751,6.1552165
55.5214,30,80,74.5455,80,"Mountain View, CA",United States,4431,425,3,1477,37.3860517,-122.0838511
55.4305,20,80,88,95.4,Munich,Germany,3610,426,2,1805,48.1351253,11.5819805
55.3062,40,80,60,89.15,Cheltenham,United Kingdom,3270,427,2,1635,51.8993855,-2.0782533
55.2953,70,80,61.5385,74.04,Minsk,Belarus,1003,428,3,334.3333333333,53.9045398,27.5615244
55.2153,70,80,78.1818,77.2727,"Tulsa, OK",United States,1229,429,1,1229,36.1539816,-95.992775
55.1679,70,80,66.1538,86.5952,Poznan,Poland,1626,430,3,542,52.406374,16.9251681
55.1011,40,80,60,94.15,Bournemouth,United Kingdom,3168,431,2,1584,50.719164,-1.880769
55.0576,50,80,70.6667,53.975,San Juan,Puerto Rico,2790,432,2,1395,18.4655394,-66.1057355
55.0273,20,80,80,96.25,Trondheim,Norway,3593,433,1,3593,63.4305149,10.3950528
54.9892,70,80,64,76.3864,Nantes,France,1961,434,2,980.5,47.218371,-1.553621
54.9814,70,60,76.6667,71.1667,Casablanca,Morocco,1606,435,2,803,33.5731104,-7.5898434
54.8998,70,80,81.7391,48.4545,Playa del Carmen,Mexico,1351,436,4,337.75,20.6295586,-87.0738851
54.6908,70,60,64.2857,66.6481,Mumbai,India,1329,437,2,664.5,19.0759837,72.8776559
54.6271,30,20,58.1818,66.6364,Kigali,Rwanda,4708,438,3,1569.3333333333,-1.9705786,30.1044288
54.5751,40,60,60,40,Philipsburg Sint Maarten,Sint Maarten,3157,439,3,1052.3333333333,18.0295839,-63.0471371
54.4803,30,80,66.6667,89.0909,"Santa Monica, CA",United States,5336,440,1,5336,34.0194543,-118.4911912
54.3917,50,80,60,80,"Fargo, ND",United States,2579,441,2,1289.5,46.8771863,-96.7898034
54.1516,70,60,38.3333,86.4286,Osijek,Croatia,1027,443,3,342.3333333333,45.5549624,18.6955144
54.1516,60,80,74.5455,96.4545,Christchurch,New Zealand,2352,442,2,1176,-43.5320544,172.6362254
54.1042,40,80,65,76.025,Montpellier,France,3064,444,2,1532,43.610769,3.876716
54.0553,80,60,65,77.325,Kuching,Malaysia,930,445,2,465,1.553504,110.3592927
53.8773,80,60,61.8182,63.8409,Kollam,India,518,446,1,518,8.8932118,76.6141396
53.8354,70,100,48,73.7381,Craiova,Romania,1211,447,5,242.2,44.3301785,23.7948807
53.7786,60,80,60,87.1,Saskatoon,Canada,2082,448,1,2082,52.1332144,-106.6700458
53.6761,30,60,56.3636,80,"Menlo Park, CA",United States,5036,449,2,2518,37.4529598,-122.1817252
53.6442,50,80,60,89.6667,Norwich,United Kingdom,2948,450,2,1474,52.6308859,1.297355
53.5626,70,40,43.6364,50.9524,Tripoli,Libya,1533,451,1,1533,32.8872094,13.1913383
53.5036,70,20,46.9231,48.98,Khartoum,Sudan,1060,452,9,117.7777777778,15.5006544,32.5598994
53.5013,70,80,80,60,Kralendijk,Bonaire,1386,453,3,462,12.1443491,-68.2655456
53.4508,70,80,61.8182,50.8636,San Miguel de Allende,Mexico,1586,454,3,528.6666666667,20.9144491,-100.745235
53.4383,50,80,23.3333,87.625,Jyvaskyla,Finland,2983,455,3,994.3333333333,62.2426034,25.7472567
53.4181,70,80,81.8182,53.56,Puerto Vallarta,Mexico,1470,456,6,245,20.653407,-105.2253316
53.4104,70,40,93.3333,34.06,Kingston,Jamaica,1980,457,4,495,18.0178743,-76.8099041
53.4049,50,60,61.4286,93.5323,Osaka,Japan,2529,458,3,843,34.6937378,135.5021651
53.3731,40,80,81.5385,93.2609,Stuttgart,Germany,3021,459,2,1510.5,48.7758459,9.1829321
53.3544,30,80,60,80,"San Mateo, CA",United States,4574,460,1,4574,37.5629917,-122.3255254
53.3397,30,60,60,71.4286,Saint Helier,Jersey,6127,461,3,2042.3333333333,49.1805019,-2.103233
53.3008,70,80,68,47.5652,Monterrey,Mexico,1197,462,3,399,25.6866142,-100.3161126
53.2923,50,100,47.1429,80,"Provo, UT",United States,2659,463,2,1329.5,40.2338438,-111.6585337
53.2371,40,80,46.6667,44.4091,Kaliningrad,Russia,3241,464,36,90.0277777778,54.7104264,20.4522144
53.2301,70,60,56.25,90.8333,Brno,Czechia,1684,465,2,842,49.1950602,16.6068371
53.2045,50,80,60.3636,80,"Des Moines, IA",United States,2755,466,3,918.3333333333,41.6005448,-93.6091064
53.133,70,60,80,70.025,Kandy,Sri Lanka,1144,467,13,88,7.2905715,80.6337262
53.1314,50,80,60,92.875,Graz,Austria,2683,468,2,1341.5,47.070714,15.439504
53.1306,70,40,65,63.5952,Ulaanbaatar,Mongolia,1060,469,2,530,47.8863988,106.9057439
53.0491,70,60,100,32.2955,Recife,Brazil,1495,470,1,1495,-8.0475622,-34.8769643
52.9931,70,80,80,47.4762,Krasnoyarsk,Russia,1564,471,2,782,56.0152834,92.8932476
52.9263,70,80,55,63.0238,Odesa,Ukraine,1276,472,5,255.2,46.482526,30.7233095
52.8921,70,60,64,71.7857,Almaty,Kazakhstan,1429,473,3,476.3333333333,43.2220146,76.8512485
52.6963,80,80,48.5714,60.9792,Kharkiv,Ukraine,788,474,4,197,49.9935,36.230383
52.6217,30,80,100,100,Monaco,Monaco,7230,475,1,7230,43.7384176,7.4246158
52.5106,80,60,60,79.375,Cirebon,Indonesia,526,476,3,175.3333333333,-6.7320229,108.5523164
52.4306,50,80,60,94.15,Portsmouth,United Kingdom,2922,477,1,2922,50.8197675,-1.0879769
52.3886,70,40,63.6364,32.9524,Port Elizabeth,South Africa,1940,478,6,323.3333333333,-33.9608369,25.6022423
52.3342,50,80,72.8571,65.5556,"Atlanta, GA",United States,2975,479,1,2975,33.7489954,-84.3879824
52.3311,70,80,40,87.1,Chatham,Canada,1858,480,4,464.5,42.4048028,-82.1910378
52.2332,40,60,60,96.575,Perth,Australia,3325,481,1,3325,-31.9505269,115.8604572
52.0701,40,100,60,76.025,Avignon,France,3350,482,3,1116.6666666667,43.949317,4.805528
52.0359,70,80,40,87.1,St. Catharines,Canada,1723,483,3,574.3333333333,43.1593745,-79.2468626
51.9885,50,80,66.6667,76.025,Annecy,France,2910,484,2,1455,45.899247,6.129384
51.9838,30,60,40,70,George Town,Cayman Islands,5852,485,4,1463,19.2869323,-81.3674389
51.959,70,80,66.1538,94.0227,Lublin,Poland,1176,486,2,588,51.2464536,22.5684463
51.8696,70,60,46.1538,75.625,Astana,Kazakhstan,1161,487,3,387,51.1605227,71.4703558
51.8665,80,60,60,56.825,General Santos,Philippines,879,488,1,879,6.1163861,125.171618
51.8339,80,80,43.3333,64.94,Ivano-Frankivsk,Ukraine,638,489,5,127.6,48.922633,24.711117
51.7849,70,60,63.6364,33.025,Salvador,Brazil,1424,490,2,712,-12.9722184,-38.5014136
51.7601,60,80,60,90.725,Pamplona,Spain,2368,491,2,1184,42.812526,-1.6457745
51.7103,30,80,60,80,"Monterey, CA",United States,4786,492,3,1595.3333333333,36.6002378,-121.8946761
51.6552,80,60,56.9231,72.0714,Konya,Turkey,913,493,4,228.25,37.8746429,32.4931554
51.4998,30,80,98.1818,89.7381,Venice,Italy,6413,494,4,1603.25,45.4408474,12.3155151
51.4617,50,60,68.5714,88.2,Split,Croatia,2656,495,9,295.1111111111,43.5081323,16.4401935
51.4399,50,80,53.3333,85.1364,Belfast,United Kingdom,2892,496,2,1446,54.597285,-5.93012
51.3824,70,60,60,66.7045,Phnom Penh,Cambodia,1130,497,2,565,11.5563738,104.9282099
51.3319,80,20,60,71.725,Varanasi,India,790,498,6,131.6666666667,25.3176452,82.9739144
51.2791,50,80,60,96.4286,Bielefeld,Germany,2561,499,2,1280.5,52.0302285,8.5324708
51.1765,70,60,41.6667,81.3636,Bandar Seri Begawan,Brunei,1245,500,2,622.5,4.9030522,114.939821
51.1556,20,80,80,89.15,Southampton,United Kingdom,3989,501,2,1994.5,50.9097004,-1.4043509
51.0988,50,80,66.1538,91.25,Heidelberg,Germany,2905,502,2,1452.5,49.3987524,8.6724335
51.0623,80,40,45.4545,67.8333,Jaipur,India,654,503,8,81.75,26.9124336,75.7872709
51.06,50,80,66.6667,92.875,Innsbruck,Austria,2975,504,2,1487.5,47.2692124,11.4041024
51.011,70,60,60,40.4,Salento,Colombia,1286,505,7,183.7142857143,4.637376,-75.570777
50.9699,50,80,60,91.25,Darmstadt,Germany,2507,506,1,2507,49.8728253,8.6511929
50.9341,40,60,76.3636,89.225,Genoa,Italy,3034,507,2,1517,44.4056499,8.946256
50.9271,60,80,80,30.7273,Port of Spain,Trinidad and Tobago,2237,508,3,745.6666666667,10.6549013,-61.5019256
50.8844,70,60,60,71.875,Siem Reap,Cambodia,1162,509,4,290.5,13.3550091,103.855173
50.8673,70,80,58.3333,91.1905,Hagen,Germany,1271,510,3,423.6666666667,51.3670777,7.4632841
50.8238,70,80,63.6364,76.025,Chamonix,France,1863,511,3,621,45.923697,6.869433
50.7842,40,80,83.3333,92.6,Queenstown,New Zealand,3495,512,5,699,-45.0311622,168.6626435
50.6443,50,40,78.1818,86.575,Nanjing,China,2935,513,13,225.7692307692,32.060255,118.796877
50.6179,70,80,63.6364,91.1667,Tarifa,Spain,1658,514,3,552.6666666667,36.0143209,-5.6044497
50.541,70,60,40,70,Banja Luka,Bosnia,1096,515,4,274,44.7721811,17.191
50.5153,70,40,80,86.575,Haikou,China,1362,516,3,454,20.044412,110.198286
50.4664,40,60,80,74.5714,Nicosia,Cyprus,3128,517,3,1042.6666666667,35.1855659,33.3822764
50.3436,70,40,80,79.375,Seminyak Bali,Indonesia,1049,518,3,349.6666666667,-8.6912894,115.1681653
50.3257,30,40,60,70,Road Town,British Virgin Islands,5750,519,3,1916.6666666667,18.4286115,-64.6184657
50.2278,60,40,93.8462,61.6591,Makati,Philippines,2252,520,2,1126,14.554729,121.0244452
50.1968,70,100,96.6667,75.6429,Constanta,Romania,1532,521,7,218.8571428571,44.1598013,28.6348138
50.1859,80,80,46.1538,42.6538,Aguascalientes,Mexico,870,522,4,217.5,21.8852562,-102.2915677
50.1354,80,80,60,73.2,Mui Ne,Vietnam,865,523,11,78.6363636364,10.9332105,108.2871837
50.0849,60,60,60,94.15,Hull,United Kingdom,2475,524,2,1237.5,53.7456709,-0.3367413
50.0756,70,80,67.1429,85.925,Katowice,Poland,1424,525,5,284.8,50.2648919,19.0237815
50.0608,70,40,60,69,Tangier,Morocco,1222,526,3,407.3333333333,35.7594651,-5.8339543
50.0499,80,40,63.0769,64.5435,Thiruvananthapuram,India,755,527,5,151,8.5241391,76.9366376
50.0165,70,60,52,34.9167,Santa Marta,Colombia,1066,528,2,533,11.2403547,-74.2110227
49.9808,70,20,60,80,Pristina,Kosovo,1243,529,4,310.75,42.6629138,21.1655028
49.9699,80,60,54.4444,75.1429,Hanoi,Vietnam,876,530,2,438,21.0277644,105.8341598
49.8572,100,40,60,64.2391,Constantine,Algeria,51,531,1,51,36.360155,6.642433
49.7974,70,60,80,62.825,Luang Prabang,Laos,1210,532,5,242,20.0656229,102.6216211
49.7702,60,40,65,32.3636,Johannesburg,South Africa,2045,533,4,511.25,-26.2041028,28.0473051
49.6785,40,60,80,83.9524,Rhodes,Greece,3141,534,8,392.625,36.4340533,28.2176379
49.6607,70,80,40,43.35,Chelyabinsk,Russia,1352,535,4,338,55.1644419,61.4368432
49.6498,60,80,20,82.1,Barrie,Canada,2315,536,2,1157.5,44.3893556,-79.6903316
49.5511,40,80,60,89.225,Rimini,Italy,3434,537,4,858.5,44.0678288,12.5695158
49.4649,30,80,96.6667,89.225,Florence,Italy,4166,538,4,1041.5,43.7695604,11.2558136
49.4136,70,60,57.1429,36.2143,Belo Horizonte,Brazil,1388,539,3,462.6666666667,-19.9245018,-43.9352376
49.3615,50,80,58.1818,80,"Beacon, NY",United States,2932,540,2,1466,41.5048158,-73.9695832
49.1968,70,60,54.2857,68.413,Bodrum,Turkey,1531,541,10,153.1,37.034407,27.43054
49.1789,60,80,100,95.725,Corralejo Canary Islands,Spain,2307,542,3,769,28.7296937,-13.8671499
49.1774,70,40,80,66.725,Agra,India,1111,543,8,138.875,27.1766701,78.0080745
49.1245,50,60,80,78.4545,Paphos,Cyprus,2692,544,5,538.4,34.7720133,32.4297369
49.1067,30,80,80,96.6136,Geneva,Switzerland,5793,545,1,5793,46.2043907,6.1431577
49.0624,80,80,60,36.45,Torreon,Mexico,992,546,6,165.3333333333,25.5428443,-103.4067861
49.0127,40,80,60,84.15,Reading,United Kingdom,3450,547,2,1725,51.4542645,-0.9781303
48.9948,70,40,80,40,Paramaribo,Suriname,1111,548,4,277.75,5.8520355,-55.2038278
48.9365,60,80,60,64.65,Klaipeda,Lithuania,2086,550,4,521.5,55.7032948,21.1442795
48.9365,40,80,60,96.4286,Karlsruhe,Germany,3086,549,2,1543,49.0068901,8.4036527
48.9194,80,60,35,42.6818,San Luis Potosi,Mexico,955,551,2,477.5,22.1564699,-100.9855409
48.9078,70,60,60,33.8333,S%uFFFDo Jos%uFFFD dos Campos,Brazil,1285,552,2,642.5,-23.1402957,-45.763021
48.8643,40,80,58.1818,89.225,Monza,Italy,3192,553,2,1596,45.5845001,9.2744485
48.7329,20,60,56.6667,89.15,Aberdeen,United Kingdom,3735,554,2,1867.5,57.149717,-2.094278
48.7182,80,40,40,86.575,Zhangjiakou,China,743,555,3,247.6666666667,40.767544,114.886335
48.6265,50,40,81.8182,65.1538,Accra,Ghana,2779,556,2,1389.5,5.6037168,-0.1869644
48.6102,70,80,60,86.575,Zhoukou,China,1096,557,6,182.6666666667,33.626149,114.69695
48.6094,70,40,71.4286,55.8889,Lahore,Pakistan,1033,558,9,114.7777777778,31.5203696,74.3587473
48.5884,80,60,60,71.175,Gaziantep,Turkey,987,559,3,329,37.065953,37.37811
48.5838,70,60,27.2727,43.6667,Novosibirsk,Russia,1259,560,2,629.5,55.0083526,82.9357327
48.4936,80,60,53.3333,64.2955,Hyderabad,India,816,561,9,90.6666666667,17.385044,78.486671
48.4913,80,60,71.4286,78.4375,Malang East Java,Indonesia,917,562,2,458.5,-7.9666204,112.6326321
48.4501,50,80,60,90,Palermo Sicily,Italy,2548,563,4,637,38.1156879,13.3612671
48.4175,80,60,80,77.4524,Kota Kinabalu,Malaysia,882,564,4,220.5,5.980408,116.0734568
48.4167,60,80,81.8182,94.975,Fukuoka,Japan,2469,565,4,617.25,33.5903547,130.4017155
48.388,60,60,96,30.8714,Rio de Janeiro,Brazil,2288,566,1,2288,-22.9068467,-43.1728965
48.3748,100,40,60,66.7045,Giza,Egypt,447,567,4,111.75,30.0130557,31.2088526
48.374,70,80,60,74.0682,Podgorica,Montenegro,1589,568,4,397.25,42.4304196,19.2593642
48.2862,70,60,40,86.575,Zhuhai,China,1635,569,4,408.75,22.270978,113.576677
48.21,50,80,58.1818,91.25,Hof,Germany,2811,570,6,468.5,50.3135391,11.9127814
48.1743,70,60,98.3333,42.6481,Santo Domingo,Dominican Republic,1818,571,2,909,18.4860575,-69.9312117
48.165,50,80,65,90.725,Arrecife Lanzarote,Spain,2697,572,5,539.4,28.9651694,-13.5550363
48.0904,80,60,65,69.1087,Pune,India,959,573,4,239.75,18.5204303,73.8567437
48.0453,20,80,56.6667,89.225,Como,Italy,3500,574,4,875,45.8080597,9.0851765
47.8107,50,80,60,89.15,Huddersfield,United Kingdom,2819,575,2,1409.5,53.645792,-1.7850351
47.806,70,40,60,86.575,Quanzhou,China,1241,576,3,413.6666666667,24.874132,118.675675
47.611,70,40,41.8182,81.575,Dongguan,China,1643,577,3,547.6666666667,23.020673,113.751799
47.6079,70,60,40,86.575,Huizhou,China,1011,578,2,505.5,23.112257,114.415801
47.4268,50,80,60,91.25,Erlangen,Germany,2907,579,3,969,49.5896744,11.0119611
47.4191,20,80,71.25,82.7857,Ghent,Belgium,3897,580,2,1948.5,51.0543422,3.7174243
47.416,80,60,48.3333,66.725,McLeod Ganj,India,765,581,12,63.75,32.2425758,76.3212781
47.3468,20,60,0,84.225,Ferrara,Italy,3688,582,3,1229.3333333333,44.8381237,11.619787
47.2042,60,80,77.2222,92.0865,Las Palmas Canary Islands,Spain,2275,583,2,1137.5,28.1235459,-15.4362574
47.1969,40,80,60,89.225,Lucca,Italy,3379,584,5,675.8,43.8376211,10.4950609
47.1844,70,80,40,86.575,Zhongshan,China,1131,585,3,377,22.517585,113.39277
47.1619,70,60,63.3333,68.4773,Malacca,Malaysia,1674,586,3,558,2.189594,102.2500868
47.1083,70,60,40,61.725,Vijayawada,India,1142,587,14,81.5714285714,16.5061743,80.6480153
47.1052,70,100,80,90,"Black Rock City, NV",United States,1945,588,1,1945,40.910733,-119.0560102
47.0624,80,40,40,86.575,Zhanjiang,China,940,589,3,313.3333333333,21.270702,110.359368
47.05,70,20,80,53.775,Douala,Cameroon,1477,590,2,738.5,4.0510564,9.7678687
47.0267,70,40,91.6667,65.5,Tunis,Tunisia,1012,591,5,202.4,36.8064948,10.1815316
47.0205,80,40,66.1538,55.413,Cochabamba,Bolivia,758,592,2,379,-17.4139766,-66.1653224
46.9723,60,60,80,35.65,Caye Caulker,Belize,2432,593,4,608,17.7611578,-88.0277487
46.9428,30,80,80,53.8095,Nassau,The Bahamas,4528,594,5,905.6,25.0479835,-77.355413
46.8721,60,80,45.4545,90,Nuku'alofa,Tonga,2065,595,4,516.25,-21.1393418,-175.204947
46.7936,70,60,41.8182,56.7727,Mendoza,Argentina,1787,596,5,357.4,-32.8894587,-68.8458386
46.7252,70,80,61.8182,33.8333,Campo Grande,Brazil,1683,597,1,1683,-20.4697105,-54.6201211
46.7011,70,40,40,86.575,Chaoyang,China,1640,598,3,546.6666666667,41.57365,120.4493879
46.6957,80,60,40,74.375,Mataram Lombok,Indonesia,934,599,11,84.9090909091,-8.5769951,116.1004894
46.6351,70,60,60,43.5909,Mexicali,Mexico,1980,600,4,495,32.6245389,-115.4522623
46.552,70,60,60,81.575,Dalian,China,1464,601,3,488,38.914003,121.614682
46.4743,80,40,60,65.6042,Mysore,India,744,602,6,124,12.2958104,76.6393805
46.3958,50,80,63.6364,70,"Reno, NV",United States,2666,603,2,1333,39.5296329,-119.8138027
46.3523,80,40,60,71.725,Durg,India,573,604,1,573,21.1904494,81.2849169
46.3511,40,80,70,58.8333,Panama City,Panama,3399,605,1,3399,8.9823792,-79.5198696
46.2901,70,60,60,33.6591,Sao Luis,Brazil,1528,606,3,509.3333333333,-2.5391099,-44.2829046
46.252,40,60,60,90.75,Dubrovnik,Croatia,3046,607,6,507.6666666667,42.6506606,18.0944238
46.2039,40,80,43.6364,94.15,Coventry,United Kingdom,3295,608,2,1647.5,52.406822,-1.519693
46.2,70,60,60,86.575,Huainan,China,1135,609,3,378.3333333333,32.625478,116.999932
46.1285,50,80,60,80,"Bloomington, IN",United States,2519,610,3,839.6666666667,39.165325,-86.5263857
46.0617,60,40,80,86.575,Datong,China,2461,611,3,820.3333333333,40.076762,113.300129
46.0314,70,20,40,60,Dili,East Timor,1734,612,2,867,-8.5568557,125.5603143
45.9956,20,80,80,94.15,Glasgow,United Kingdom,3951,613,2,1975.5,55.864237,-4.251806
45.9778,70,60,80,57.6818,Mar del Plata,Argentina,1132,614,5,226.4,-38.0054771,-57.5426106
45.9498,80,40,40,81.575,Fuzhou,China,829,615,1,829,26.074478,119.296482
45.9482,80,40,76.3636,62.1591,Alexandria,Egypt,848,616,7,121.1428571429,31.2000924,29.9187387
45.9327,40,60,81.8182,68.5455,Rabat,Morocco,3463,617,3,1154.3333333333,33.9715904,-6.8498129
45.9094,40,80,40,83.3182,Northampton,United Kingdom,3053,618,2,1526.5,52.240477,-0.902656
45.9086,60,40,60,32.1,Durban,South Africa,2110,619,5,422,-29.8586804,31.0218404
45.8496,50,80,54.4444,88.7857,Palermo,Italy,2637,620,4,659.25,38.1156879,13.3612671
45.8263,70,60,62.5,57.5217,Asuncion,Paraguay,1387,621,3,462.3333333333,-25.2637399,-57.575926
45.8208,80,40,40,86.575,Zhucheng,China,546,622,3,182,35.995654,119.410103
45.7183,80,40,60,66.725,Jamshedpur,India,685,623,5,137,22.8045665,86.2028754
45.7074,70,40,40,86.575,Jiangmen,China,1233,624,3,411,22.579117,113.081508
45.695,30,100,80,92.6429,Interlaken,Switzerland,5570,625,5,1114,46.6863481,7.8632049
45.6926,50,80,80,96.25,Nuremberg,Germany,2816,626,3,938.6666666667,49.4521018,11.0766654
45.6763,20,60,80,60,Praia,Cape Verde,3738,627,2,1869,14.93305,-23.5133267
45.5357,60,60,90.8333,81.6613,Macau,China,2305,628,2,1152.5,22.198745,113.543873
45.5015,80,40,100,72.9318,Jodhpur,India,948,629,10,94.8,26.2389469,73.0243094
45.4758,80,60,40,86.575,Zibo,China,814,630,3,271.3333333333,36.813546,118.055019
45.3717,50,80,61.8182,87.8333,Amalfi,Italy,2642,631,2,1321,40.6340026,14.6026805
45.3492,70,60,60,86.575,Cixi,China,1400,632,3,466.6666666667,30.169665,121.266579
45.2225,70,40,60,86.575,Suzhou,China,1296,633,3,432,31.298974,120.585289
45.1604,60,20,60,66.7381,Maputo,Mozambique,2106,634,2,1053,-25.969248,32.5731746
45.1114,20,80,43.6364,42.0435,Samara,Russia,3572,635,37,96.5405405405,53.2415041,50.2212463
45.0633,70,60,40,86.575,Wuhu,China,1071,636,1,1071,31.352859,118.432941
45.0205,80,40,60,66.3478,Chittagong,Bangladesh,991,637,16,61.9375,22.356851,91.7831819
44.9809,70,40,56.6667,66.725,Bhubaneswar,India,1123,638,8,140.375,20.2960587,85.8245398
44.7828,70,60,63.6364,63.0714,Kozhikode,India,1228,639,16,76.75,11.2587531,75.78041
44.7439,100,20,23.6364,48.0476,Faisalabad,Pakistan,498,640,1,498,31.4503662,73.1349605
44.74,80,40,60,63.0714,Malappuram,India,593,641,1,593,11.0509762,76.0710967
44.7066,80,60,40,86.575,Wenling,China,984,642,3,328,28.372506,121.385604
44.6608,80,40,40,81.575,Anshan,China,737,643,1,737,41.108647,122.994329
44.6429,70,60,40,81.575,Ningbo,China,1323,644,3,441,29.868336,121.54399
44.6072,80,60,40,86.575,Zhangjiagang,China,920,645,10,92,31.875572,120.556005
44.5909,80,40,36.3636,63.2143,Port Said,Egypt,902,646,1,902,31.2652893,32.3018661
44.5559,80,60,45.4545,40,Kisangani,DR Congo,792,647,1,792,0.5185303,25.2007728
44.5073,70,60,100,66.2826,Goa,India,1773,648,14,126.6428571429,15.2993265,74.123996
44.301,80,40,60,23.175,Maracay,Venezuela,803,649,3,267.6666666667,10.2441931,-67.6066164
44.1915,80,40,61.5385,41.5,La Paz,Bolivia,980,650,5,196,-16.489689,-68.1192936
44.1037,70,60,60,66.725,Guwahati,India,1581,651,7,225.8571428571,26.1445169,91.7362365
44.0656,70,80,63.3333,66.7273,Ko Tao,Thailand,1309,652,9,145.4444444444,10.0956102,99.8403959
44.0571,40,80,54.5455,70,"Orlando, FL",United States,3196,653,2,1598,28.5383355,-81.3792365
44.0066,70,60,40,86.575,Fushun,China,1156,654,2,578,41.880872,123.957208
43.9848,40,80,61.8182,75,Oranjestad,Aruba,3412,655,4,853,12.5092044,-70.0086306
43.9013,70,60,83.3333,67.1818,Pattaya,Thailand,1223,656,2,611.5,12.9235557,100.8824551
43.897,70,40,40,86.575,Huai'an,China,1003,657,3,334.3333333333,33.551052,119.113185
43.8527,40,80,41.6667,89.225,Siena,Italy,3382,658,4,845.5,43.318809,11.3307574
43.845,70,40,40,86.575,Yantai,China,1607,659,5,321.4,37.464539,121.447852
43.8411,70,60,78.1818,59.1667,Cuenca,Ecuador,1247,660,1,1247,-2.9001285,-79.0058965
43.8325,40,80,76.3636,65,"New Orleans, LA",United States,3329,661,2,1664.5,29.9510658,-90.0715323
43.8232,50,60,61.8182,88.15,Patras,Greece,2653,662,4,663.25,38.2466395,21.734574
43.8015,70,40,40,86.575,Yangzhou,China,1079,663,3,359.6666666667,32.394209,119.412939
43.789,70,40,61.8182,67.3571,Jabalpur,India,1566,664,1,1566,23.181467,79.9864071
43.7548,60,60,66.6667,67.7833,Tehran,Iran,2109,665,1,2109,35.6891975,51.3889736
43.7509,30,60,80,88.15,Santorini,Greece,5284,666,23,229.7391304348,36.3931562,25.4615092
43.6554,80,60,60,61.725,Madurai,India,730,667,8,91.25,9.9252007,78.1197754
43.6282,70,60,40,86.575,Yiwu,China,1840,668,17,108.2352941176,29.306756,120.07514
43.5691,20,80,20,60,"Baton Rouge, LA",United States,3692,669,4,923,30.4514677,-91.1871466
43.4775,70,40,40,81.575,Changsha,China,1063,670,1,1063,28.228209,112.938814
43.472,60,80,94.5455,92.0952,Aveiro,Portugal,2107,671,3,702.3333333333,40.6405055,-8.6537539
43.3897,80,60,35.7143,75.119,Kuta Bali,Indonesia,879,672,6,146.5,-8.7223957,115.1767095
43.3407,80,40,60,66.725,Bareilly,India,505,673,1,505,28.3670355,79.4304381
43.2296,80,60,40,86.575,Weifang,China,871,674,4,217.75,36.706962,119.161748
43.068,70,40,62.8571,69.8077,Baku,Azerbaijan,1337,675,4,334.25,40.4092617,49.8670924
43.0664,40,80,100,91.575,Melbourne,Australia,3466,676,2,1733,-37.8136276,144.9630576
42.9654,70,40,40,86.575,Hefei,China,1216,677,2,608,31.820591,117.227219
42.9266,70,60,40,86.575,Wuxi,China,1441,678,4,360.25,31.491169,120.31191
42.6748,30,80,60,80,"Bridgeton, MO",United States,9809,679,3,3269.6666666667,38.7669954,-90.4115057
42.5932,70,20,56.6667,61.1,Algiers,Algeria,1794,680,6,299,36.753768,3.0587561
42.4549,70,60,100,35.65,San Pedro,Belize,1965,681,5,393,17.9213664,-87.9610905
42.4549,50,80,66.1538,86.1136,Granada,Spain,2595,682,2,1297.5,37.1773363,-3.5985571
42.4472,80,60,60,81.575,Anyang,China,825,683,1,825,36.097577,114.392392
42.4021,80,60,76.3636,67.8333,Vadodara,India,961,684,10,96.1,22.3071588,73.1812187
42.3796,80,60,60,30.4,Pasto,Colombia,699,685,3,233,1.2058837,-77.285787
42.3602,80,60,60,74.6429,Makassar,Indonesia,609,686,3,203,-5.1476651,119.4327314
42.3213,80,60,46.6667,68.1087,Johor Bahru,Malaysia,964,687,3,321.3333333333,1.492659,103.7413591
42.2584,80,60,40,86.575,Xiangtan,China,881,688,3,293.6666666667,27.829795,112.944026
42.2421,60,80,61.6667,45.3182,Yekaterinburg,Russia,2108,689,8,263.5,56.8389261,60.6057025
42.183,60,40,40,86.575,Changshu,China,2245,690,3,748.3333333333,31.654375,120.752481
42.0665,80,60,40,86.575,Guiyang,China,895,691,4,223.75,26.647661,106.630153
42.047,40,60,61.8182,88.15,Chania Crete,Greece,3415,692,9,379.4444444444,35.5138298,24.0180367
41.9794,80,60,40,86.575,Wenzhou,China,534,693,1,534,27.993828,120.699361
41.9375,70,80,23.6364,60.6136,Dnipro,Ukraine,1142,694,4,285.5,48.464717,35.046183
41.8357,70,60,60,44.0455,Puebla,Mexico,1114,695,3,371.3333333333,19.0414398,-98.2062727
41.8225,50,80,60,70,"Rochester, NY",United States,2588,696,2,1294,43.1565779,-77.6088465
41.7984,70,60,45.5556,57.45,Cusco,Peru,1275,697,1,1275,-13.53195,-71.9674626
41.7207,80,40,40,86.575,Zhuzhou,China,745,698,3,248.3333333333,27.827986,113.133853
41.6966,70,40,61.8182,67.9318,Chandigarh,India,1132,699,5,226.4,30.7333148,76.7794179
41.5762,70,60,40,86.575,Harbin,China,1767,700,4,441.75,45.803775,126.534967
41.4573,30,80,60,97.275,Lausanne,Switzerland,5193,701,1,5193,46.5196535,6.6322734
41.3275,80,80,40,86.575,Xiangyang,China,847,702,3,282.3333333333,32.009016,112.122426
41.2646,70,80,58.5714,75.1522,Iasi,Romania,1284,703,4,321,47.1584549,27.6014418
41.2429,70,60,40,86.575,Jiamusi,China,1435,704,3,478.3333333333,46.799777,130.3188779
41.0338,70,60,98.3333,57.5455,Dakar,Senegal,1588,705,2,794,14.716677,-17.4676861
40.9453,70,80,80.7692,72.2857,Ko Samui,Thailand,1551,706,3,517,9.5120168,100.0135929
40.9305,40,80,80,81.6481,Naples,Italy,3454,707,2,1727,40.8517746,14.2681244
40.9243,80,60,40,86.575,Yinchuan,China,900,708,4,225,38.487193,106.230908
40.8668,40,40,40,50,Cayenne,French Guiana,3063,709,1,3063,4.92242,-52.3134531
40.8054,80,60,60,66.725,Ludhiana,India,881,710,9,97.8888888889,30.900965,75.8572758
40.7938,70,60,60,29.5476,Manaus,Brazil,1526,711,1,1526,-3.1190275,-60.0217314
40.713,70,80,60,32.4048,Jundia%uFFFD,Brazil,1649,712,0,Infinity,-8.9530184,-35.5438967
40.6003,80,20,38.1818,40,Brazzaville,Congo,529,713,1,529,-4.2633597,15.2428853
40.563,70,80,60,33.025,Itapema,Brazil,1545,714,3,515,-27.0960682,-48.6178074
40.542,80,60,40,75.119,Surakarta,Indonesia,714,715,2,357,-7.5754887,110.8243272
40.4154,70,60,60,35.0227,Sorocaba,Brazil,1190,716,2,595,-23.5015338,-47.4525944
40.3315,30,60,81.8182,88.7143,Mikonos,Greece,4051,717,1,4051,37.4467354,25.3288845
39.9966,70,80,40,86.575,Urumqi,China,1338,718,3,446,43.825592,87.616848
39.8295,60,80,80,94.975,Nagoya,Japan,2423,719,3,807.6666666667,35.1814464,136.906398
39.7029,80,40,80,91.575,Yangshuo,China,789,720,1,789,24.77848,110.496593
39.5778,70,80,62.5,68.5455,Ko Pha Ngan,Thailand,1061,721,4,265.25,9.7318753,100.0135929
39.5133,70,20,80,40,Sulaymaniyah,Kurdistan,1827,722,1,1827,35.5570454,45.4359425
39.4745,60,60,37.1429,41.4286,Erbil,Kurdistan,2372,723,2,1186,36.2062933,44.0088697
39.4403,80,40,40,86.575,Hohhot,China,835,724,1,835,40.842356,111.749995
39.4302,80,80,56.3636,67.0476,Krabi,Thailand,971,725,36061,26.9722222222,8.0862997,98.9062835
39.4278,100,60,23.6364,61.725,Tirupur,India,357,726,1,357,11.1085242,77.3410656
39.4224,60,60,60,91.7,Portim%uFFFDo,Portugal,2376,727,3,792,37.13617,-8.5376926
39.41,70,60,40,86.575,Changchun,China,1288,728,1,1288,43.817071,125.323544
39.3377,80,20,60,67.3261,Tashkent,Uzbekistan,929,729,7,132.7142857143,41.2994958,69.2400734
39.1613,40,80,76.9231,95.8,Cork,Ireland,3303,730,3,1101,51.8968917,-8.4863157
39.1567,60,60,40,35.65,Belize City,Belize,2020,731,6,336.6666666667,17.5045661,-88.1962133
39.1458,80,40,40,86.575,Yichang,China,823,732,2,411.5,30.691966,111.286471
39.0805,70,60,60,33.025,Campos dos Goytacazes,Brazil,1016,733,1,1016,-21.7626902,-41.3184877
38.9345,80,60,60,74.375,Palembang Sumatra,Indonesia,857,734,3,285.6666666667,-2.9760735,104.7754307
38.8878,70,60,60,34.3095,Vit%uFFFDria,Brazil,1392,735,2,696,-20.2976178,-40.2957768
38.8863,70,80,20,85.925,Rzeszow,Poland,1006,736,4,251.5,50.0411867,21.9991196
38.8498,70,40,45.4545,54.8,Dar es Salaam,Tanzania,1670,737,1,1670,-6.792354,39.2083284
38.7919,70,60,48.4615,71.9,Pai,Thailand,1931,738,2,965.5,19.3582191,98.4404863
38.7713,60,80,40,44.619,Ufa,Russia,2082,739,10,208.2,54.7387621,55.9720554
38.7076,70,80,60,66.9,Ao Nang,Thailand,1101,740,3,367,8.0414921,98.8366162
38.6462,60,80,60,96.25,Jena,Germany,2194,741,2,1097,50.927054,11.5892372
38.5739,80,80,60,63.2381,Ko Chang,Thailand,945,742,3,315,12.0479159,102.3234816
38.5693,100,40,40,71.725,Aligarh,India,412,743,1,412,27.8973944,78.0880129
38.5304,80,40,80,61.725,Raipur,India,617,744,3,205.6666666667,21.2513844,81.6296413
38.5063,70,60,49.2308,68.2679,Riyadh,Saudi Arabia,1714,745,4,428.5,24.7135517,46.6752957
38.4885,70,20,98.4615,67.1296,Beirut,Lebanon,1975,746,1,1975,33.8937913,35.5017767
38.431,70,60,44.6154,75.119,Gili Air,Indonesia,1113,747,12,92.75,-8.351844,116.0561632
38.4209,80,40,58.1818,81.575,Zhengzhou,China,694,748,2,347,34.746611,113.625328
38.3393,80,40,60,66.725,Asansol,India,549,749,1,549,23.6739452,86.9523954
38.1458,70,40,60,86.575,Foshan,China,1252,750,3,417.3333333333,23.021478,113.121435
38.1373,70,40,60,56.0476,Windhoek,Namibia,1919,751,3,639.6666666667,-22.5608807,17.0657549
38.1116,80,40,40,86.575,Linyi,China,880,752,3,293.3333333333,35.104673,118.356414
38.0759,80,60,27.2727,58.2174,Chachapoyas,Peru,772,753,2,386,-6.2301547,-77.8708478
37.9982,70,60,63.6364,60,Duhok,Kurdistan,1712,754,1,1712,36.8679054,42.9488574
37.9928,40,20,60,40,Victoria,Seychelles,3266,755,13,251.2307692308,-4.619143,55.4513149
37.9236,100,40,40,61.725,Varkala,India,464,756,8,58,8.7378685,76.7163359
37.8848,80,60,60,42.6818,Toluca,Mexico,894,757,2,447,19.2826098,-99.6556653
37.8459,70,60,40,80,Ramallah,Palestine,1689,758,3,563,31.9037641,35.2034184
37.797,70,60,60,67.325,Ipoh,Malaysia,1260,759,6,210,4.597479,101.090106
37.7705,70,80,60,66.9,Ko Lipe,Thailand,1623,760,3,541,6.4885717,99.3048959
37.6975,80,40,40,60.875,Boumerdas,Algeria,876,761,3,292,36.7580109,3.4851867
37.6159,70,80,60,64.4545,Hua Hin,Thailand,1271,762,8,158.875,12.568452,99.9577223
37.5328,70,80,69.3333,74.5,Ko Lanta,Thailand,1485,763,3,495,7.6243677,99.0792263
37.4916,70,60,45.4545,38.35,Ulyanovsk,Russia,1391,764,2,695.5,54.3181598,48.3837915
37.4015,80,40,60,66.725,Hubli,India,573,765,1,573,15.3647083,75.1239547
37.3657,70,60,63.3333,69,Agadir,Morocco,1370,766,3,456.6666666667,30.4277547,-9.5981072
37.2422,20,80,46.6667,94.4286,Cambridge,United Kingdom,3523,767,2,1761.5,52.205337,0.121817
37.2026,80,40,60,66.725,Aurangabad,India,885,768,7,126.4285714286,19.8761653,75.3433139
37.1668,70,80,20,43.1905,Omsk,Russia,1312,769,3,437.3333333333,54.9884804,73.3242361
37.1567,70,60,32.3077,59.413,Boracay,Philippines,1878,770,9,208.6666666667,11.9673753,121.924815
37.0961,70,60,40,86.575,Qiqihar,China,1329,771,3,443,47.354348,123.918186
37.0301,30,40,60,86.575,Changzhou,China,5114,772,3,1704.6666666667,31.811226,119.974061
37.0262,70,60,40,33.025,An%uFFFDpolis,Brazil,1169,773,3,389.6666666667,-16.3285085,-48.95342
36.9951,60,60,48.75,71.9815,Ankara,Turkey,2209,774,3,736.3333333333,39.9333635,32.8597419
36.9943,50,80,61.6667,66.6667,Gibraltar,Gibraltar,2846,775,1,2846,36.140751,-5.353585
36.9601,60,60,60,50,Basse-Terre,Guadeloupe,2254,776,5,450.8,16.129629,-61.653805
36.8933,70,60,40,44.619,Rostov-on-Don,Russia,1176,777,1,1176,47.2357137,39.701505
36.8405,80,60,60,86.575,Xian,China,972,778,1,972,34.341574,108.93977
36.8117,80,80,40,57.7857,Krivoy-Rog,Ukraine,746,779,3,248.6666666667,47.910483,33.391783
36.8086,70,60,40,33.8333,Uberlandia,Brazil,1124,780,3,374.6666666667,-18.9146078,-48.2753801
36.7706,70,40,63.6364,52.96,Addis Ababa,Ethiopia,1812,781,15,120.8,8.9806034,38.7577605
36.6727,70,80,63.6364,43.6667,Tulum,Mexico,1734,782,6,289,20.2114185,-87.4653502
36.4497,50,60,60,71,Beersheba,Israel,2768,783,3,922.6666666667,31.252973,34.791462
36.3207,80,60,40,86.575,Zhangzhou,China,715,784,3,238.3333333333,24.513025,117.647093
36.2912,70,60,40,74.375,Sengigi Lombok,Indonesia,1391,785,8,173.875,-8.4787343,116.0376085
36.2243,70,40,45.4545,86.575,Jinan,China,1348,786,3,449.3333333333,36.6512,117.120095
36.2034,60,80,0,71.1364,La Serena,Chile,2002,787,3,667.3333333333,-29.9026691,-71.2519374
36.1163,60,80,56.9231,74.0682,Budva,Montenegro,2416,788,5,483.2,42.2911489,18.840295
36.086,70,40,60,28.2143,Guatemala City,Guatemala,1039,789,2,519.5,14.6349149,-90.5068824
36.0519,70,40,63.6364,80.9091,Suva,Fiji,1877,790,3,625.6666666667,-18.1248086,178.4500789
36.0208,70,60,20,43.35,Izhevsk,Russia,1342,791,4,335.5,56.8618601,53.2324284
35.9765,70,40,40,86.575,Tengzhou,China,1076,792,1,1076,35.084021,117.164388
35.9345,30,100,20,82.1,Fort McMurray,Canada,4599,793,2,2299.5,56.7263796,-111.3803407
35.7869,70,40,60,40.75,Georgetown,Guyana,1719,794,7,245.5714285714,6.8012793,-58.1551255
35.5888,70,40,40,86.575,Weihai,China,1629,795,3,543,37.513068,122.120419
35.5398,70,20,40,60,Funafuti,Tuvalu,1940,796,1,1940,-8.5211471,179.1961926
35.4932,80,60,40,86.575,Baoding,China,590,797,2,295,38.874434,115.464589
35.4513,70,40,40,86.575,Kunshan,China,1573,798,3,524.3333333333,31.385597,120.980736
35.4077,70,40,40,86.575,Handan,China,1160,799,7,165.7142857143,36.625656,114.538961
35.2943,80,60,32.3077,61.0577,Dahab,Egypt,632,800,10,63.2,28.5091355,34.5136344
35.2624,60,20,60,80,Apia,Samoa,2304,801,7,329.1428571429,-13.8506958,-171.7513551
35.2539,70,40,60,62.5952,Kannur,India,1241,802,19,65.3157894737,11.8744775,75.3703662
35.2259,40,80,60,64.125,Punta del Este,Uruguay,3168,803,5,633.6,-34.9368789,-54.9281496
35.1218,70,60,91.6667,66.725,Gurgaon,India,1341,804,5,268.2,28.4594965,77.0266383
35.121,70,60,51.4286,52.26,Manila,Philippines,1323,805,2,661.5,14.5995124,120.9842195
35.1164,70,80,23.6364,36.3182,Juarez,Mexico,1215,806,2,607.5,31.6903638,-106.4245478
35.0806,70,20,40,82.225,Antananarivo,Madagascar,1047,807,3,349,-18.8791902,47.5079055
35.0247,60,60,63.6364,73.8913,Bar,Montenegro,2171,808,4,542.75,42.0912106,19.089904
34.7776,70,60,61.8182,62.8043,Delhi,India,1192,809,5,238.4,28.7040592,77.1024902
34.7652,100,60,40,86.575,Nanyang,China,369,810,1,369,32.990664,112.528308
34.4559,70,80,60,89.975,Okayama,Japan,1885,811,2,942.5,34.6551456,133.9195019
34.3915,70,60,60,67.6905,Mecca,Saudi Arabia,1761,812,19,92.6842105263,21.3890824,39.8579118
34.3658,20,80,60,43.25,Bridgetown,Barbados,3502,813,3,1167.3333333333,13.0968511,-59.6144819
34.3246,70,40,45.4545,86.575,Guilin,China,1438,814,9,159.7777777778,25.234479,110.179953
34.25,70,40,40,87.3409,Kunming,China,1400,815,4,350,24.880095,102.832891
34.2485,70,60,40,56.175,Monrovia,Liberia,1374,816,2,687,6.2907432,-10.7605239
34.1459,70,40,40,86.575,Shenyang,China,1168,817,2,584,41.805699,123.431472
34.0208,70,40,40,86.575,Nantong,China,1120,818,1,1120,31.980171,120.894291
33.9711,80,60,54.2857,65.7222,Chennai,India,753,819,5,150.6,13.0826802,80.2707184
33.9222,80,40,40,61.725,Kota,India,959,820,5,191.8,25.2138156,75.8647527
33.818,30,60,58.1818,70,Hamilton,Bermuda,6617,821,2,3308.5,32.2945837,-64.7858887
33.4599,70,40,60,61.725,Rajkot,India,1139,822,22,51.7727272727,22.3038945,70.8021599
33.0263,100,40,40,66.725,Allahabad,India,350,823,1,350,25.4358011,81.846311
33.0084,40,40,60,66.725,Kalyan,India,3151,824,46,68.5,19.2403305,73.1305395
32.975,70,40,40,61.725,Ranchi,India,1867,825,1,1867,23.3440997,85.309562
32.815,20,80,40,96.575,Brisbane,Australia,3624,826,1,3624,-27.4697707,153.0251235
32.801,80,60,80,62,Thane,India,845,827,4,211.25,19.2183307,72.9780897
32.7769,70,60,81.8182,79.075,Muscat,Oman,1872,828,2,936,23.58589,58.4059227
32.7722,70,40,44.7059,43.2917,Karachi,Pakistan,1234,829,10,123.4,24.8607343,67.0011364
32.7722,70,60,40,86.575,Qinhuangdao,China,1984,830,3,661.3333333333,39.935361,119.600523
32.5873,40,20,40,70,Port Vila,Vanuatu,3100,831,2,1550,-17.7332512,168.3273245
32.4125,70,80,40,70,Sarajevo,Bosnia,1345,832,3,448.3333333333,43.8562586,18.4130763
32.3208,80,40,58.9474,66.9107,Shiraz,Iran,681,833,1,681,29.5917677,52.5836982
32.118,70,40,63.6364,63.0714,Nashik,India,1288,834,18,71.5555555556,19.9974533,73.7898023
32.0768,80,40,80,61.725,Patna,India,639,835,4,159.75,25.5940947,85.1375645
32.0691,60,20,40,46.95,Huambo,Angola,2344,836,1,2344,-12.7739761,15.7468535
32.038,70,60,65,67.3788,Adana,Turkey,1069,837,9,118.7777777778,36.9914194,35.3308285
31.8336,50,60,60,56.2143,Tamarindo,Costa Rica,2930,838,8,366.25,10.2992746,-85.8371058
31.8002,80,40,40,86.575,Xining,China,961,839,3,320.3333333333,36.617134,101.778223
31.693,70,60,45.4545,37.1042,Goiania,Brazil,1437,840,5,287.4,-16.6868824,-49.2647885
31.5741,70,80,25.4545,48.35,Tomsk,Russia,1583,841,4,395.75,56.5010397,84.9924506
31.5275,80,40,60,61.725,Meerut,India,578,842,1,578,28.9844618,77.7064137
31.4389,100,40,60,61.725,Moradabad,India,486,843,1,486,28.8386481,78.7733286
31.303,70,40,31.6667,57.825,Vientiane,Laos,1451,844,7,207.2857142857,17.9757058,102.6331035
31.1732,50,40,40,86.575,Shaoxing,China,2550,845,34,75,29.995762,120.586109
31.1584,60,20,45.4545,76.381,Ouagadougou,Burkina Faso,2393,846,3,797.6666666667,12.3714277,-1.5196603
30.8958,80,60,40,74.375,Semarang,Indonesia,799,847,1,799,-7.0051453,110.4381254
30.7264,80,40,40,66.725,Rishikesh,India,560,848,10,56,30.0869281,78.2676116
30.6938,30,40,80,63.3864,Thrissur,India,5259,849,89,59.0898876404,10.5276416,76.2144349
30.5532,60,40,40,86.575,Putian,China,2256,850,6,376,25.454084,119.007777
30.5337,100,20,20,41.45,Gujranwala,Pakistan,461,851,1,461,32.1876919,74.1944529
30.4957,80,60,56.3636,86.575,Shijiazhuang,China,814,852,2,407,38.042805,114.514893
30.0458,80,60,40,60.1957,Srinagar,India,977,853,1,977,34.0836708,74.7972825
30.0085,80,60,40,61.675,Qom,Iran,508,854,1,508,34.6399443,50.8759419
29.6573,70,40,66.6667,50.1957,Lagos,Nigeria,1587,855,4,396.75,6.5243793,3.3792057
29.5594,70,40,40,86.575,Tangshan,China,1349,856,4,337.25,39.630867,118.180193
29.1756,70,60,96.9231,33.803,Porto Alegre,Brazil,1063,857,2,531.5,-30.0346471,-51.2176584
28.9907,40,20,40,70,Honiara,Solomon Islands,3403,858,2,1701.5,-9.4456381,159.9728999
28.9852,70,60,60,61.725,Kanpur,India,1037,859,1,1037,26.449923,80.3318736
28.979,30,40,60,70,Noum%uFFFDa,New Caledonia,5038,860,2,2519,-22.2710727,166.4416459
28.9246,80,60,61.8182,51.8571,Oaxaca,Mexico,983,861,4,245.75,17.0731842,-96.7265889
28.6558,70,60,80,66.725,Indore,India,1295,862,10,129.5,22.7195687,75.8577258
28.5369,70,20,95,73.86,Havana,Cuba,1981,863,2,990.5,23.1135925,-82.3665956
28.258,70,60,60,86.575,Taiyuan,China,1294,864,5,258.8,37.87059,112.548879
28.1702,70,80,40,48.35,Vladivostok,Russia,1715,865,3,571.6666666667,43.1198091,131.8869243
27.8594,70,20,20,48.775,Yaounde,Cameroon,1635,866,1,1635,3.8480325,11.5020752
27.8089,70,20,40,60,Benghazi,Libya,1180,867,1,1180,32.1194242,20.0867909
27.7708,70,60,80,67.3571,Surat,India,1163,868,17,68.4117647059,21.1702401,72.8310607
27.6084,70,20,80,60,Kaesong,North Korea,1666,869,1,1666,37.9381943,126.5877948
27.3823,100,40,60,66.725,Dhanbad,India,498,870,1,498,23.7956531,86.4303859
27.3147,70,40,60,66.725,Lucknow,India,1007,871,12,83.9166666667,26.8466937,80.946166
27.2976,100,60,58.1818,40,Kinshasa,DR Congo,391,872,1,391,-4.4419311,15.2662931
27.2432,70,40,80,36.42,Belem,Brazil,1371,873,2,685.5,-1.4557794,-48.4901968
27.1593,70,40,23.6364,42.8095,Bahawalpur,Pakistan,1122,874,24,46.75,29.35435,71.691066
26.8633,40,60,38.4615,66.86,Jeddah,Saudi Arabia,3364,875,3,1121.3333333333,21.485811,39.1925048
26.3256,70,40,78.3333,67.8333,Nagpur,India,1158,876,15,77.2,21.1458004,79.0881546
26.0343,50,20,20,40,Lubumbashi,DR Congo,2658,877,3,886,-11.6876026,27.5026174
25.6807,80,40,38.1818,46.45,Quetta,Pakistan,618,878,1,618,30.1798398,66.9749731
25.4375,80,40,80,67.8333,Ahmedabad,India,739,879,10,73.9,23.022505,72.5713621
25.3925,30,40,60,86.575,Taizhou,China,8350,880,3,2783.3333333333,28.65638,121.42076
24.9341,80,40,61.6667,62.9318,Kolkata,India,930,881,5,186,22.572646,88.363895
24.816,30,80,45.4545,44.619,Nizhny,Russia,4509,882,26,173.4230769231,56.2965039,43.936059
24.7212,70,40,100,49.225,Santa Cruz,Bolivia,1538,883,1,1538,-17.8145819,-63.1560853
22.8059,70,40,43.3333,19.75,Caracas,Venezuela,1963,884,2,981.5,10.4805937,-66.9036063
22.7554,70,20,100,60,Wonsan,North Korea,1193,885,1,1193,39.1538529,127.4460001
22.736,30,60,61.8182,75.119,Pekanbaru Sumatra,Indonesia,4313,886,3,1437.6666666667,0.5070677,101.4477793
22.6117,60,60,80,50.0238,Puerto Viejo,Costa Rica,2407,887,6,401.1666666667,9.6540146,-82.7549412
22.5557,70,20,62.6667,61.9643,Pyongyang,North Korea,1537,888,1,1537,39.0392193,125.7625241
22.5169,60,80,80,94.975,Sapporo,Japan,2277,889,2,1138.5,43.0620958,141.3543763
22.3024,70,60,40,81.575,Xuzhou,China,1529,890,8,191.125,34.205768,117.284124
22.0934,50,60,100,94.975,Okinawa Okinawa,Japan,2992,891,1,2992,26.3344266,127.8055832
21.9108,30,40,30.7692,41.2917,Baghdad,Iraq,7467,892,24,311.125,33.3128057,44.3614875
21.6738,80,40,60,67.3571,Nasik,India,867,893,6,144.5,19.9974533,73.7898023
21.6156,70,60,61.5385,67.1087,Bursa,Turkey,1207,894,11,109.7272727273,40.1885281,29.0609636
21.593,40,80,80,95.2143,Yokohama,Japan,3260,895,4,815,35.4437078,139.6380256
21.2636,80,40,60,66.725,Gwalior,India,883,896,14,63.0714285714,26.2182871,78.1828308
21.1758,30,80,97.1429,85.2045,Rome,Italy,4509,897,2,2254.5,41.9027835,12.4963655
20.5076,70,20,60,55.1591,Harare,Zimbabwe,1959,898,4,489.75,-17.8251657,31.03351
20.3817,70,20,40,60,Sinuiju,North Korea,1193,899,1,1193,40.0823213,124.4489192
20.3429,70,60,100,55.06,Palawan,Philippines,1293,900,2,646.5,9.8349493,118.7383615
20.304,70,80,40,84.225,Avellino,Italy,1978,901,3,659.3333333333,40.914388,14.7906121
20.0888,40,80,100,94.975,Kobe,Japan,3252,902,4,813,34.690083,135.1955112
19.8922,80,40,45.4545,60.875,Tebessa,Algeria,848,903,1,848,35.4142494,8.101092
19.5006,80,40,41.8182,53.8095,Lusaka,Zambia,781,904,2,390.5,-15.3875259,28.3228165
19.3157,70,80,80,94.975,Hamamatsu,Japan,1477,905,1,1477,34.7108344,137.7261258
19.2574,70,80,60,94.975,Sendai,Japan,1942,906,2,971,38.268215,140.8693558
18.4315,80,20,40,57.275,Lom%uFFFD,Togo,813,907,2,406.5,6.1724969,1.2313618
18.245,80,40,60,87.2143,Wuhan,China,923,908,2,461.5,30.592849,114.305539
18.1495,50,60,40,68.7609,Dammam,Saudi Arabia,2649,909,3,883,26.3926665,49.9777136
17.8993,60,80,96.6667,94.975,Kyoto,Japan,2408,910,4,602,35.0116363,135.7680294
17.7485,60,60,80,57.45,Ushuaia,Argentina,2061,911,3,687,-54.8019121,-68.3029511
17.7089,70,20,40,60,Nampo,North Korea,1193,912,1,1193,38.7522606,125.3246769
17.3546,80,60,40,42.381,Le%uFFFDn,Nicaragua,915,913,1,915,12.4315534,-86.8722146
17.287,100,60,23.0769,49.7083,Aleppo,Syria,299,914,1,299,36.2021047,37.1342603
17.2249,70,40,36.4706,60.963,Dhaka,Bangladesh,1424,915,8,178,23.810332,90.4125181
16.9086,80,80,23.6364,41.1739,Obninsk,Russia,683,916,2,341.5,55.1170375,36.5970818
16.6429,80,60,60,61.725,Noida,India,967,917,5,193.4,28.5355161,77.3910265
16.3484,70,60,93.3333,40.0172,Florianopolis,Brazil,1380,918,3,460,-27.5948698,-48.5482195
16.1612,70,20,40,64.2,Niamey,Niger,1387,919,6,231.1666666667,13.5115963,2.1253854
16.0462,20,80,81.8182,89.78,Turin,Italy,3503,920,2,1751.5,45.070312,7.6868565
15.977,80,80,61.8182,71.9,Ko Phi Phi,Thailand,986,921,1,986,7.740738,98.77841
15.7968,100,40,34.2857,50.4815,Damascus,Syria,370,922,1,370,33.5138073,36.2765279
15.2917,100,60,41.8182,63.3864,Kochi,India,480,923,8,60,9.9312328,76.2673041
14.9491,80,40,40,68.2,Kumasi,Ghana,702,924,3,234,6.6666004,-1.6162709
14.8403,40,80,60,86.575,Gold Coast,Australia,3297,925,2,1648.5,-28.016667,153.4
14.7875,100,20,45,57.25,Banjul,Gambia,483,926,6,80.5,13.4548761,-16.5790323
14.7673,50,40,46.6667,49.9773,Ibadan,Nigeria,2630,927,18,146.1111111111,7.3775355,3.9470396
14.6841,70,80,60,74.975,Dorob%u014D,Japan,1744,928,1,1744,36.204824,138.252924
14.5132,40,60,80,62.119,Bhopal,India,3034,929,63,48.1587301587,23.2599333,77.412615
14.3275,100,60,20,47.65,Hama,Syria,222,930,1,222,35.1408881,36.7551993
14.2156,70,40,40,46.1905,Managua,Nicaragua,1475,931,7,210.7142857143,12.1149926,-86.2361744
13.9165,50,80,60,94.975,Naha Okinawa,Japan,2620,932,4,655,26.2123124,127.6791568
13.8574,40,20,80,70,Avarua,Cook Islands,3287,933,8,410.875,-21.2129007,-159.7823059
13.6772,60,80,60,89.975,Hiroshima,Japan,2306,934,3,768.6666666667,34.3852029,132.4552927
13.4169,60,80,60,94.975,Kitakyushu,Japan,2341,935,4,585.25,33.8834093,130.8752161
13.1714,70,40,94.5455,74.1667,Male,Maldives,1853,936,3,617.6666666667,4.1754959,73.5093474
12.8528,70,20,40,63.225,Lilongwe,Malawi,1068,937,4,267,-13.9626121,33.7741195
12.7666,20,40,0,40,St John's,Antigua and Barbuda,3555,938,5,711,17.1274104,-61.846772
12.6958,70,60,40,20,Kirkuk,Kurdistan,1847,939,1,1847,35.4655761,44.3803921
12.4985,70,20,20,57.475,Freetown,Sierra Leone,1825,940,2,912.5,8.4656765,-13.2317225
11.2476,40,20,40,60.875,Oran,Algeria,3130,941,9,347.7777777778,35.6970697,-0.6307988
11.1139,70,40,40,52.975,Benin City,Nigeria,1064,942,0,Infinity,6.334986,5.6037465
10.9508,50,20,40,100,Stanley,Falkland Islands,2969,943,1,2969,-51.6977129,-57.8516627
10.685,70,20,40,60,Sariwon,North Korea,1193,945,1,1193,38.5023428,125.7516069
10.685,70,20,40,60,Kaechon,North Korea,1193,944,1,1193,39.7026591,125.8927013
10.4729,80,60,20,47.875,Asmara,Eritrea,569,946,4,142.25,15.3228767,38.9250517
10.2196,60,20,40,42.625,Bamako,Mali,2331,947,3,777,12.6392316,-8.0028892
10.1233,60,60,33.8462,58.2619,Ahvaz,Iran,2104,948,1,2104,31.3183272,48.6706187
9.98497,100,20,40,46.45,Sargodha,Pakistan,405,949,1,405,32.0739787,72.6860696
9.79461,50,20,40,36.825,Port Moresby,Papua New Guinea,2540,950,2,1270,-9.4780123,147.1506542
9.3494,100,40,20,41.45,Rawalpindi,Pakistan,451,951,6,75.1666666667,33.5651107,73.0169135
9.31132,50,40,60,40.475,Port-au-Prince,Haiti,2534,952,2,1267,18.594395,-72.3074326
9.13106,70,20,40,60,Tanchon,North Korea,1193,953,1,1193,40.4598294,128.9034325
9.13106,70,20,40,60,Chongjin,North Korea,1193,954,1,1193,41.7669671,129.723402
9.09066,100,60,20,40,Kananga,DR Congo,162,955,1,162,-5.897522,22.4172256
8.8094,70,40,43.6364,22.325,Tegucigalpa,Honduras,1416,956,3,472,14.0722751,-87.192136
8.68741,80,20,40,42.325,Sana'a,Yemen,935,957,1,935,15.3694451,44.1910066
8.65089,20,60,20,100,King Edward Point,South Georgia and the South Sandwich Islands,3534,958,1,3534,-54.2832502,-36.493735
7.84827,50,60,40,47.975,Port Harcourt,Nigeria,2620,959,1,2620,4.815554,7.0498442
7.68588,70,40,40,48.5476,Kano,Nigeria,1468,960,2,734,12.0021794,8.5919561
6.92367,70,40,41.8182,52.8214,Islamabad,Pakistan,1270,961,10,127,33.6844202,73.0478848
6.53673,80,20,40,46.45,Sialkot,Pakistan,631,962,1,631,32.4944991,74.5228916
5.954,60,40,36,65.5192,Isfahan,Iran,2241,963,1,2241,32.6546275,51.6679826
5.4847,60,60,40,47.975,Abuja,Nigeria,2079,964,8,259.875,9.0764785,7.398574
5.20887,70,20,45.4545,45.0455,Kabul,Afghanistan,1339,965,4,334.75,34.5553494,69.207486
5.18479,50,20,40,60,Hamhung,North Korea,2886,966,1,2886,39.9838002,127.6124552
4.11877,80,20,40,39.1,Mogadishu,Somalia,890,967,2,445,2.0469343,45.3181623
0.69462,30,20,40,40.5238,Basra,Iraq,4884,968,1,4884,30.5081033,47.7834888
0,80,20,60,42.8095,Peshawar,Pakistan,782,969,1,782,34.0151366,71.5249154
