city,state,country,latitude,longitude,priceStart,price1km,price1hr,priceStartPlus10km,priceStartPlus10kmPlus1hrWait,currency
Bern,,Switzerland,46.9479739,7.4474468,6.9,4.67,74.69,53.6,128.29,USD
Zurich,,Switzerland,47.3768866,8.541694,7.26,3.94,74.69,46.66,121.35,USD
Basel,,Switzerland,47.5595986,7.5885761,6.48,3.84,72.61,44.88,117.49,USD
Zug,,Switzerland,47.1661672,8.5154946,6.22,4.46,62.24,50.82,113.06,USD
Geneva,,Switzerland,46.2043907,6.1431577,7.26,3.94,62.24,46.66,108.9,USD
Saint Helier,,Jersey,49.1805019,-2.103233,4.01,6.49,31.98,68.91,100.89,USD
Oxford,,United Kingdom,51.7520209,-1.2577263,4.31,1.54,77.03,19.71,96.74,USD
Tromso,,Norway,69.6492047,18.9553238,8.41,2.88,57.65,37.21,94.86,USD
Trento,,Italy,46.0747793,11.1217486,9.64,1.68,67.23,26.44,93.67,USD
Lausanne,,Switzerland,46.5196535,6.6322734,6.43,3.11,56.02,37.53,93.55,USD
Lugano,,Switzerland,46.0036778,8.951052,5.19,4.15,46.68,46.69,93.37,USD
Copenhagen,,Denmark,55.6760968,12.5683371,6.01,2.35,63.12,29.51,92.63,USD
Trondheim,,Norway,63.4305149,10.3950528,9.61,2.4,58.92,33.61,92.53,USD
Wollongong,,Australia,-34.4278121,150.8930607,2.5,1.43,74.9,16.8,91.7,USD
Oslo,,Norway,59.9138688,10.7522454,11.98,1.92,59.89,31.18,91.07,USD
Aalborg,,Denmark,57.0488195,9.921747,5.18,2.25,60.06,27.68,87.74,USD
Oakland,CA,United States,37.8043637,-122.2711137,3,3.26,50,35.6,85.6,USD
Stavanger,,Norway,58.9699756,5.7331073,8.38,1.76,57.85,25.98,83.83,USD
Dallas,TX,United States,32.7766642,-96.7969879,2.5,3.11,50,33.6,83.6,USD
Gothenburg,,Sweden,57.70887,11.97456,5.55,1.89,59,24.45,83.45,USD
Rotterdam,,Netherlands,51.9244201,4.4777325,8.4,1.54,55.89,23.8,79.69,USD
Iowa City,IA,United States,41.6611277,-91.5301683,3.5,3.11,45,34.6,79.6,USD
Knoxville,TN,United States,35.9606384,-83.9207392,3.2,1.62,60,19.4,79.4,USD
Edinburgh,,United Kingdom,55.953252,-3.188267,4.62,3.08,42.37,35.42,77.79,USD
Madison,WI,United States,43.0730517,-89.4012302,3.12,3.18,42.5,34.92,77.42,USD
Trieste,,Italy,45.6495264,13.7768182,4.2,2.24,50.43,26.6,77.03,USD
Santa Barbara,CA,United States,34.4208305,-119.6981901,2,2.49,50,26.9,76.9,USD
Arhus,,Denmark,56.162939,10.203921,6.31,1.5,55.56,21.31,76.87,USD
Reykjavik,,Iceland,64.1265206,-21.8174393,5.1,2.02,51.53,25.3,76.83,USD
Honolulu,HI,United States,21.3069444,-157.8583333,3.75,2.24,50,26.15,76.15,USD
Saint Petersburg,FL,United States,27.7518284,-82.6267345,2.27,1.3,60,15.27,75.27,USD
Helsinki,,Finland,60.1698557,24.938379,7.74,1.74,49.29,25.14,74.43,USD
Jyvaskyla,,Finland,62.2426034,25.7472567,9.52,1.71,47.62,26.62,74.24,USD
Grenoble,,France,45.188529,5.724524,4.2,1.39,56.03,18.1,74.13,USD
Bergen,,Norway,60.3912628,5.3220544,5.64,1.24,56.09,18.04,74.13,USD
Tampere,,Finland,61.4977524,23.7609535,6.61,1.74,49.99,24.01,74,USD
Pisa,,Italy,43.7228386,10.4016888,3.36,1.68,53.79,20.16,73.95,USD
Nice,,France,43.7101728,7.2619532,5.61,1.78,50.47,23.41,73.88,USD
Turku,,Finland,60.4518126,22.2666303,6.61,1.72,49.98,23.81,73.79,USD
Hamilton,,New Zealand,-37.7870012,175.279253,1.92,0.77,64.15,9.62,73.77,USD
Norwich,,United Kingdom,52.6308859,1.297355,5.63,2.56,42.35,31.23,73.58,USD
London,,United Kingdom,51.5073509,-0.1277583,4.32,2.27,46.25,27.02,73.27,USD
Gent,,Belgium,51.0543422,3.7174243,8.96,2.47,39.22,33.66,72.88,USD
Seattle,WA,United States,47.6062095,-122.3320708,2.5,2.03,50,22.8,72.8,USD
Stockholm,,Sweden,59.3293235,18.0685808,5.31,1.43,53.1,19.61,72.71,USD
Espoo,,Finland,60.2054911,24.6559001,6.61,1.72,48.52,23.81,72.33,USD
York,,United Kingdom,53.9599651,-1.0872979,3.7,2.11,46.22,24.8,71.02,USD
Amsterdam,,Netherlands,52.3702157,4.8951679,3.31,2.43,41.45,27.61,69.06,USD
Bournemouth,,United Kingdom,50.719164,-1.880769,5.72,2.48,38.51,30.52,69.03,USD
Leiden,,Netherlands,52.1601144,4.4970097,6.16,2.21,40.12,28.26,68.38,USD
Florence,,Italy,43.7695604,11.2558136,4.62,1.58,47.89,20.42,68.31,USD
Granada,,Spain,37.1773363,-3.5985571,3.36,1.96,44.86,22.96,67.82,USD
Boise,ID,United States,43.6187102,-116.2146068,2,1.83,47.5,20.3,67.8,USD
Odense,,Denmark,55.403756,10.40237,5.26,1.14,50.15,16.66,66.81,USD
Aberdeen,,United Kingdom,57.149717,-2.094278,4.78,2.51,35.82,29.88,65.7,USD
Dusseldorf,,Germany,51.2277411,6.7734556,5.92,2.03,39.44,26.22,65.66,USD
Luxembourg,,Luxembourg,49.611621,6.1319346,2.8,2.91,33.62,31.9,65.52,USD
Kansas City,MO,United States,39.0997265,-94.5785667,2.9,1.24,50,15.3,65.3,USD
Fresno,CA,United States,36.7468422,-119.7725868,3.4,1.52,46.5,18.6,65.1,USD
Washington,DC,United States,38.9071923,-77.0368707,3.25,3.57,25,38.95,63.95,USD
Lyon,,France,45.764043,4.835659,2.8,2.24,38.74,25.2,63.94,USD
Innsbruck,,Austria,47.2692124,11.4041024,7.73,2.24,33.62,30.13,63.75,USD
Uppsala,,Sweden,59.8585638,17.6389267,7.08,1.24,43.27,19.48,62.75,USD
Pittsburgh,PA,United States,40.4406248,-79.9958864,3.43,3.18,27.5,35.23,62.73,USD
Derby,,United Kingdom,52.9225301,-1.4746186,2.85,2.87,30.81,31.55,62.36,USD
Sydney,,Australia,-33.8688197,151.2092955,2.57,1.78,41.59,20.37,61.96,USD
Oulu,,Finland,65.0120888,25.4650773,8.4,1.99,33.62,28.3,61.92,USD
Plymouth,,United Kingdom,50.3754565,-4.1426565,6.01,0.96,46.22,15.61,61.83,USD
Spokane,WA,United States,47.6587802,-117.4260466,10,1.68,35,26.8,61.8,USD
Antwerp,,Belgium,51.2194475,4.4024643,6.2,2.14,33.81,27.6,61.41,USD
Austin,TX,United States,30.267153,-97.7430608,4,1.24,45,16.4,61.4,USD
Coventry,,United Kingdom,52.406822,-1.519693,4.39,2.39,32.74,28.29,61.03,USD
Nottingham,,United Kingdom,52.9547832,-1.1581086,4.62,2.54,30.81,30.02,60.83,USD
Gold Coast,,Australia,-28.016667,153.4,2.5,2,38.31,22.5,60.81,USD
Colorado Springs,CO,United States,38.8338816,-104.8213634,2.5,3.42,24,36.7,60.7,USD
Yokohama,,Japan,35.4437078,139.6380256,6.02,2.52,29.46,31.22,60.68,USD
Hamburg,,Germany,53.5510846,9.9936818,3.59,2.24,33.65,25.99,59.64,USD
Christchurch,,New Zealand,-43.5320544,172.6362254,1.92,1.92,38.49,21.12,59.61,USD
Heidelberg,,Germany,49.3987524,8.6724335,3.59,2.8,28.01,31.59,59.6,USD
Nagoya,,Japan,35.1814464,136.906398,4.95,3,24.33,34.95,59.28,USD
Cologne,,Germany,50.937531,6.9602786,3.64,1.62,39.22,19.84,59.06,USD
Toulouse,,France,43.604652,1.444209,3.36,2.19,33.62,25.26,58.88,USD
Augsburg,,Germany,48.3705449,10.89779,8.4,2.24,28.01,30.8,58.81,USD
Exeter,,United Kingdom,50.718412,-3.533899,4.54,1.73,36.97,21.84,58.81,USD
Brussels,,Belgium,50.8503463,4.3517211,3.35,2.13,33.62,24.65,58.27,USD
Bellingham,WA,United States,48.7519112,-122.4786854,2.75,1.55,40,18.25,58.25,USD
Wellington,,New Zealand,-41.2864603,174.776236,2.23,1.72,38.28,19.43,57.71,USD
Verona,,Italy,45.4383842,10.9916215,4.48,2.24,30.82,26.88,57.7,USD
Modena,,Italy,44.647128,10.9252269,3.92,1.68,36.98,20.72,57.7,USD
Turin,,Italy,45.070312,7.6868565,3.94,1.69,36.85,20.84,57.69,USD
Treviso,,Italy,45.6668893,12.2430437,4.48,1.7,35.86,21.48,57.34,USD
Venice,,Italy,45.4408474,12.3155151,11.21,1.96,26.33,30.81,57.14,USD
Freiburg Im Breisgau,,Germany,47.9990077,7.8421043,3.19,2.24,31.38,25.59,56.97,USD
Anchorage,AK,United States,61.2180556,-149.9002778,2.62,1.27,41.5,15.32,56.82,USD
Canberra,,Australia,-35.2809368,149.1300092,3.57,1.61,37.1,19.67,56.77,USD
Groningen,,Netherlands,53.2193835,6.5665018,4.31,2.43,28.01,28.61,56.62,USD
Maastricht,,Netherlands,50.8513682,5.6909725,6.16,2.24,28.01,28.56,56.57,USD
Hamilton,,Bermuda,32.2945837,-64.7858887,5,1.4,37.5,19,56.5,USD
Reading,,United Kingdom,51.4542645,-0.9781303,3.62,2.2,30.81,25.62,56.43,USD
Houston,TX,United States,29.7604267,-95.3698028,4,2.49,27.5,28.9,56.4,USD
Southampton,,United Kingdom,50.9097004,-1.4043509,3.93,2.16,30.81,25.53,56.34,USD
Brisbane,,Australia,-27.4697707,153.0251235,2.82,1.78,35.65,20.62,56.27,USD
Arlington,VA,United States,38.8816208,-77.0909809,3.25,2.74,25,30.65,55.65,USD
Indianapolis,IN,United States,39.768403,-86.158068,3,1.24,40,15.4,55.4,USD
Charlotte,NC,United States,35.2270869,-80.8431267,2.5,2.28,30,25.3,55.3,USD
Utrecht,,Netherlands,52.0907374,5.1214201,7.84,2.3,24.2,30.84,55.04,USD
Munich,,Germany,48.1351253,11.5819806,3.47,1.96,31.94,23.07,55.01,USD
Leeds,,United Kingdom,53.8007554,-1.5490774,4.01,2.78,23.11,31.81,54.92,USD
San Francisco,CA,United States,37.7749295,-122.4194155,3.5,1.79,33,21.4,54.4,USD
Vicenza,,Italy,45.5454787,11.5354214,9.52,2.24,22.41,31.92,54.33,USD
Brighton,,United Kingdom,50.82253,-0.137163,4.62,1.72,32.35,21.82,54.17,USD
Cleveland,OH,United States,41.49932,-81.6943605,3,1.86,32.5,21.6,54.1,USD
Hamilton,,Canada,43.2557206,-79.8711024,2.51,1.37,37.77,16.21,53.98,USD
Leipzig,,Germany,51.3396955,12.3730747,3.92,2.19,28.01,25.82,53.83,USD
Salzburg,,Austria,47.80949,13.05501,4.48,2.24,26.89,26.88,53.77,USD
Frankfurt,,Germany,50.1109221,8.6821267,3.92,2.07,29.13,24.62,53.75,USD
Sioux Falls,SD,United States,43.5445959,-96.7311034,3.5,1.49,35,18.4,53.4,USD
Paris,,France,48.856614,2.3522219,3.14,1.43,35.89,17.44,53.33,USD
Allentown,PA,United States,40.6084305,-75.4901833,3.25,1,40,13.25,53.25,USD
Montpellier,,France,43.610769,3.876716,5.6,1.96,28.01,25.2,53.21,USD
Athens,GA,United States,33.9519347,-83.357567,3.5,0.45,45,8,53,USD
Orlando,FL,United States,28.5383355,-81.3792365,2.4,1.75,33,19.9,52.9,USD
Milwaukee,WI,United States,43.0389025,-87.9064736,2.88,2,30,22.88,52.88,USD
Omaha,NE,United States,41.2523634,-95.9979883,2.85,2,30,22.85,52.85,USD
Cairns,,Australia,-16.9185514,145.7780548,3.14,1.59,33.81,19.04,52.85,USD
Perth,,Australia,-31.9505269,115.8604572,3.57,1.43,34.96,17.87,52.83,USD
Brooklyn,NY,United States,40.6781784,-73.9441579,2.5,2.02,30,22.7,52.7,USD
Irvine,CA,United States,33.6839473,-117.7946942,3,1.86,31,21.6,52.6,USD
Bordeaux,,France,44.837789,-0.57918,4.51,1.41,33.81,18.61,52.42,USD
Tokyo,,Japan,35.6894875,139.6917064,6.02,2.14,24.87,27.42,52.29,USD
Manchester,,United Kingdom,53.4807593,-2.2426305,3.85,1.91,29.26,22.95,52.21,USD
Berlin,,Germany,52.5200066,13.404954,3.83,2.02,28.17,24.03,52.2,USD
San Jose,CA,United States,37.3382082,-121.8863286,3.5,1.86,30,22.1,52.1,USD
Stuttgart,,Germany,48.7758459,9.1829321,3.75,1.79,30.26,21.65,51.91,USD
Tallahassee,FL,United States,30.4382559,-84.2807329,2.5,0.93,40,11.8,51.8,USD
Edmonton,,Canada,53.544389,-113.4909267,2.72,1.11,37.77,13.82,51.59,USD
Tulsa,OK,United States,36.1539816,-95.992775,1,1.55,35,16.5,51.5,USD
Detroit,MI,United States,42.331427,-83.0457538,2.5,0.99,39,12.4,51.4,USD
Vienna,,Austria,48.2081743,16.3738189,4.26,1.59,31.15,20.16,51.31,USD
Kelowna,,Canada,49.8879519,-119.4960106,2.64,1.7,31.63,19.64,51.27,USD
Buffalo,NY,United States,42.8864468,-78.8783689,2.53,1.86,30,21.13,51.13,USD
Aachen,,Germany,50.7753455,6.0838868,3.92,1.79,29.13,21.82,50.95,USD
Strasbourg,,France,48.5734053,7.7521113,5.6,1.73,28.01,22.9,50.91,USD
Milton Keynes,,United Kingdom,52.0406224,-0.7594171,4.62,1.54,30.81,20.02,50.83,USD
Auckland,,New Zealand,-36.8484597,174.7633315,1.92,1.68,32.07,18.72,50.79,USD
Cambridge,,United Kingdom,52.205337,0.121817,4.93,1.81,27.73,23.03,50.76,USD
Al-khubar,,Saudi Arabia,26.2171906,50.1971381,4,4,6.67,44,50.67,USD
Mannheim,,Germany,49.4874592,8.4660395,3.64,1.79,29.13,21.54,50.67,USD
Marseille,,France,43.296482,5.36978,2.25,1.8,30.31,20.25,50.56,USD
Las Vegas,NV,United States,36.1699412,-115.1398296,3.45,1.68,30,20.25,50.25,USD
Kyoto,,Japan,35.0116363,135.7680294,5.36,1.98,24.99,25.16,50.15,USD
Darwin,,Australia,-12.4634403,130.8456418,2.92,1.04,36.69,13.32,50.01,USD
Barrie,,Canada,44.3893556,-79.6903316,2.64,2.45,22.64,27.14,49.78,USD
San Diego,CA,United States,32.715738,-117.1610838,3,1.86,28,21.6,49.6,USD
Rehovot,,Israel,31.892773,34.811272,3.82,2.54,20.35,29.22,49.57,USD
Rochester,NY,United States,43.16103,-77.6109219,3,2.64,20,29.4,49.4,USD
Dunedin,,New Zealand,-45.8787605,170.5027976,1.92,1.54,32.07,17.32,49.39,USD
Reno,NV,United States,39.5296329,-119.8138027,3,2.11,25,24.1,49.1,USD
Eindhoven,,Netherlands,51.441642,5.4697225,3.14,2.33,22.64,26.44,49.08,USD
Bergamo,,Italy,45.6982642,9.6772698,9.58,0,39.44,9.58,49.02,USD
Newcastle,,Australia,-32.885101,151.7239497,1.69,1.28,34.48,14.49,48.97,USD
The Hague,,Netherlands,52.0704978,4.3006999,3.14,2.29,22.86,26.04,48.9,USD
Padova,,Italy,45.4064349,11.8767611,6.31,1.27,29.86,19.01,48.87,USD
Milan,,Italy,45.4654219,9.1859243,5.63,1.18,31.28,17.43,48.71,USD
Boston,MA,United States,42.3600825,-71.0588801,2.6,1.8,28,20.6,48.6,USD
Nanaimo,BC,Canada,49.1658836,-123.9400647,2.42,1.65,29.52,18.92,48.44,USD
St.Catharines,,Canada,43.1593745,-79.2468626,2.83,1.68,28.79,19.63,48.42,USD
Bristol,,United Kingdom,51.454513,-2.58791,4.16,1.63,27.73,20.46,48.19,USD
Abbotsford,,Canada,49.0504377,-122.3044697,2.42,1.44,31.3,16.82,48.12,USD
Baltimore,MD,United States,39.2903848,-76.6121893,1.88,1.87,27.5,20.58,48.08,USD
Rome,,Italy,41.9027835,12.4963655,4.37,1.23,31.38,16.67,48.05,USD
Graz,,Austria,47.070714,15.439504,4.37,1.34,30.26,17.77,48.03,USD
Portland,OR,United States,45.5230622,-122.6764816,2.5,1.55,30,18,48,USD
New York,NY,United States,40.7127837,-74.0059413,2.5,1.55,30,18,48,USD
Victoria,,Canada,48.4284207,-123.3656444,2.7,1.43,30.82,17,47.82,USD
Haifa,,Israel,32.7940463,34.989571,3.45,0.98,34.34,13.25,47.59,USD
Nuremberg,,Germany,49.4254092,11.0796553,3.81,1.68,26.89,20.61,47.5,USD
Tucson,AZ,United States,32.2217429,-110.926479,2.88,1.46,30,17.48,47.48,USD
Osaka,,Japan,34.6937378,135.5021651,5.36,2.06,21.44,25.96,47.4,USD
Fort Worth,TX,United States,32.7554883,-97.3307658,5,1.24,30,17.4,47.4,USD
Buenos Aires,,Argentina,-34.6036844,-58.3815591,2,2,25,22,47,USD
Eugene,OR,United States,44.0520691,-123.0867536,3,1.4,30,17,47,USD
Lund,,Sweden,55.7046601,13.1910073,3.42,1.18,31.74,15.22,46.96,USD
Red Deer,,Canada,52.2681118,-113.8112386,2.42,1.28,31.73,15.22,46.95,USD
Saskatoon,,Canada,52.1332144,-106.6700458,2.59,0.91,35.13,11.69,46.82,USD
Nantes,,France,47.218371,-1.553621,4.31,1.41,28.4,18.41,46.81,USD
Minneapolis,MN,United States,44.977753,-93.2650108,3,1.57,28,18.7,46.7,USD
Phoenix,AZ,United States,33.4483771,-112.0740373,2.95,1.37,30,16.65,46.65,USD
Sacramento,CA,United States,38.5815719,-121.4943996,4.5,1.71,25,21.6,46.6,USD
Dresden,,Germany,51.0504088,13.7372621,4.99,2.24,19.05,27.39,46.44,USD
Jerusalem,,Israel,31.768319,35.21371,3.14,1.27,30.59,15.84,46.43,USD
Syracuse,NY,United States,43.0481221,-76.1474244,9.5,2.17,15,31.2,46.2,USD
Memphis,TN,United States,35.1495343,-90.0489801,3.07,1.31,30,16.17,46.17,USD
Glasgow,,United Kingdom,55.864237,-4.251806,4.32,1.63,25.44,20.62,46.06,USD
Genoa,,Italy,44.4056499,8.946256,5.61,1.01,30.28,15.71,45.99,USD
Karlsruhe,,Germany,49.0068901,8.4036527,2.24,1.68,26.92,19.04,45.96,USD
Adelaide,,Australia,-34.9284989,138.6007456,3.21,1.55,27.24,18.71,45.95,USD
Leicester,,United Kingdom,52.6368778,-1.1397592,6.16,0.89,30.81,15.06,45.87,USD
Alicante,,Spain,38.3459963,-0.4906855,2.52,2.13,21.96,23.82,45.78,USD
West Palm Beach,FL,United States,26.7153424,-80.0533746,2.5,1.81,25,20.6,45.6,USD
Birmingham,,United Kingdom,52.486243,-1.890401,5.4,1.54,24.66,20.8,45.46,USD
Melbourne,,Australia,-37.813611,144.963056,2.5,1.25,30.12,15,45.12,USD
Bilbao,,Spain,43.2630126,-2.9349852,4.49,2.09,19.63,25.39,45.02,USD
Jersey City,NJ,United States,40.7281575,-74.0776417,2.5,1.24,30,14.9,44.9,USD
Corfu,,Greece,39.6242621,19.9216777,2.63,1.96,22.41,22.23,44.64,USD
Dublin,,Ireland,53.3498053,-6.2603097,4.96,1.24,27.27,17.36,44.63,USD
Los Angeles,CA,United States,34.0522342,-118.2436849,3.42,1.61,25,19.52,44.52,USD
Concepcion,,Chile,-36.8201352,-73.0443904,0.43,2.89,15.17,29.33,44.5,USD
Jacksonville,FL,United States,30.3321838,-81.655651,2,2.25,20,24.5,44.5,USD
Akron,OH,United States,41.0814447,-81.5190053,2.75,1.4,27.5,16.75,44.25,USD
Roanoke,VA,United States,37.2709704,-79.9414266,3.2,1.09,30,14.1,44.1,USD
Liverpool,,United Kingdom,53.4083714,-2.9915726,3.93,1.92,20.8,23.13,43.93,USD
Montreal,,Canada,45.5016889,-73.567256,2.6,1.28,28.53,15.4,43.93,USD
Greenville,SC,United States,34.8526176,-82.3940104,3,2.3,17.5,26,43.5,USD
Lille,,France,50.62925,3.057256,4.82,1.55,23.08,20.32,43.4,USD
London,,Canada,42.9849233,-81.2452768,2.67,1.44,26.15,17.07,43.22,USD
Sevilla,,Spain,37.3890924,-5.9844589,3.14,1.2,28.04,15.14,43.18,USD
Limassol,,Cyprus,34.7071301,33.0226174,3.92,1.12,28.01,15.12,43.13,USD
Albuquerque,NM,United States,35.0853336,-106.6055534,2.9,1.62,24,19.1,43.1,USD
Sherbrooke,,Canada,45.4009928,-71.8824288,2.61,1.25,27.95,15.11,43.06,USD
Guelph,,Canada,43.5448048,-80.2481666,2.27,1.81,22.66,20.37,43.03,USD
Hobart,,Australia,-42.8821377,147.3271949,2.5,1.31,27.29,15.6,42.89,USD
Bologna,,Italy,44.494887,11.3426163,3.36,1.26,26.89,15.96,42.85,USD
Coimbra,,Portugal,40.2048286,-8.4403573,3.53,0.56,33.62,9.13,42.75,USD
Vancouver,,Canada,49.2827291,-123.1207375,2.64,1.51,24.82,17.74,42.56,USD
Des Moines,IA,United States,41.6005448,-93.6091064,2,1.24,28,14.4,42.4,USD
Waterloo,,Canada,43.4642578,-80.5204096,3.02,1.58,23.55,18.82,42.37,USD
Santo Domingo,,Dominican Republic,18.4860575,-69.9312117,3.44,3.33,5.55,36.74,42.29,USD
Northampton,,United Kingdom,52.240477,-0.902656,2.77,1.63,23.11,19.07,42.18,USD
Quebec City,,Canada,46.8138783,-71.2079809,2.64,1.28,26.72,15.44,42.16,USD
Saint Louis,MO,United States,38.6270025,-90.1994042,3,1.71,22,20.1,42.1,USD
Fort Lauderdale,FL,United States,26.1224386,-80.1373174,2.5,1.55,24,18,42,USD
Malmo,,Sweden,55.604981,13.003822,6.96,1.13,23.59,18.26,41.85,USD
Kitchener,,Canada,43.450301,-80.4831917,2.64,1.55,23.57,18.14,41.71,USD
Calgary,,Canada,51.0486151,-114.0708459,2.87,1.51,23.64,17.97,41.61,USD
Galway,,Ireland,53.270668,-9.0567905,4.26,1.15,25.55,15.76,41.31,USD
Busan,,South Korea,35.1795543,129.0756416,2.37,1.77,21.13,20.07,41.2,USD
New Orleans,LA,United States,29.9510658,-90.0715323,3.5,1.57,22,19.2,41.2,USD
Birmingham,AL,United States,33.5206608,-86.80249,4.75,1.24,24,17.15,41.15,USD
Cincinnati,OH,United States,39.1031182,-84.5120196,3.75,1.24,25,16.15,41.15,USD
Surrey,,Canada,49.1044302,-122.801094,2.42,1.39,24.82,16.32,41.14,USD
Cork,,Ireland,51.8968917,-8.4863157,4.59,1.23,24.2,16.89,41.09,USD
Mississauga,,Canada,43.5890452,-79.6441198,3.21,1.51,22.64,18.31,40.95,USD
Maribor,,Slovenia,46.5546503,15.6458812,1.12,1.18,27.99,12.92,40.91,USD
Gainesville,FL,United States,29.6516344,-82.3248262,3,1.37,24,16.7,40.7,USD
Limerick,,Ireland,52.6680204,-8.6304975,4.96,1.15,24.2,16.46,40.66,USD
St. John's,NL,Canada,47.5615096,-52.7125768,2.83,1.51,22.66,17.93,40.59,USD
Regina,,Canada,50.4452112,-104.6188944,3.23,1.47,22.66,17.93,40.59,USD
Malaga,,Spain,36.7212737,-4.4213988,2.69,1.19,25.87,14.59,40.46,USD
Fort Myers,FL,United States,26.640628,-81.8723084,4.05,1.24,24,16.45,40.45,USD
Windsor,,Canada,42.3149367,-83.0363633,2.64,1.51,22.66,17.74,40.4,USD
San Antonio,TX,United States,29.4241219,-98.4936282,3,1.24,25,15.4,40.4,USD
Louisville,KY,United States,38.2526647,-85.7584557,4.7,1.4,21.6,18.7,40.3,USD
San Salvador,,El Salvador,13.6929403,-89.2181911,5,2.5,10,30,40,USD
Salt Lake City,UT,United States,40.7607793,-111.8910474,2.5,0.75,30,10,40,USD
Saint John,,Canada,45.2733153,-66.0633081,3.87,1.13,24.53,15.17,39.7,USD
Beirut,,Lebanon,33.8937913,35.5017767,6.31,2,13.26,26.31,39.57,USD
Valencia,,Spain,39.4699075,-0.3762881,5.04,1.21,22.41,17.14,39.55,USD
Jeddah (Jiddah),,Saudi Arabia,21.2854067,39.2375507,2.67,2.67,10.13,29.37,39.5,USD
Stamford,CT,United States,41.0534302,-73.5387341,3.12,1.24,23.6,15.52,39.12,USD
Toronto,,Canada,43.653226,-79.3831843,3.21,1.32,22.64,16.41,39.05,USD
Belfast,,United Kingdom,54.597285,-5.93012,3.85,1.2,23.11,15.85,38.96,USD
Luanda,,Angola,-8.8399876,13.2894368,1.75,2.5,12,26.75,38.75,USD
Hartford,CT,United States,41.7637111,-72.6850932,3.62,2.24,12.5,26.02,38.52,USD
Barcelona,,Spain,41.3850639,2.1734035,2.82,1.13,23.92,14.12,38.04,USD
Asheville,NC,United States,35.5950581,-82.5514869,2.5,1.55,20,18,38,USD
Moncton,,Canada,46.0878165,-64.7782313,2.42,1.28,22.66,15.22,37.88,USD
Madrid,,Spain,40.4167754,-3.7037902,3.03,1.18,22.99,14.83,37.82,USD
Corunna,,Spain,43.3623436,-8.4115401,4.48,1.09,22.41,15.38,37.79,USD
Newcastle Upon Tyne,,United Kingdom,54.978252,-1.61778,3.85,1.54,18.49,19.25,37.74,USD
Miami,FL,United States,25.7616798,-80.1917902,2.82,1.49,20,17.72,37.72,USD
Little Rock,AR,United States,34.7464809,-92.2895948,3,1.24,22,15.4,37.4,USD
Fairfax,VA,United States,38.8462236,-77.3063733,3.38,1.3,21,16.38,37.38,USD
Halifax,,Canada,44.6487635,-63.5752387,2.46,1.13,23.34,13.76,37.1,USD
Rijeka,,Croatia,45.3270631,14.442176,2.97,0.74,26.69,10.37,37.06,USD
Philadelphia,PA,United States,39.9525839,-75.1652215,2.88,1.4,20,16.88,36.88,USD
Chicago,IL,United States,41.8781136,-87.6297982,3.12,1.12,22.5,14.32,36.82,USD
Kingston,,Jamaica,18.0178743,-76.8099041,2.76,2.98,4.25,32.56,36.81,USD
Ann Arbor,MI,United States,42.2808256,-83.7430378,3.5,1.35,19.8,17,36.8,USD
Palma De Mallorca,,Spain,39.5572421,2.7580701,4.48,1.12,21.07,15.68,36.75,USD
Lusaka,,Zambia,-15.3875259,28.3228165,2.44,2.33,11,25.74,36.74,USD
Tel Aviv-yafo,,Israel,32.0852999,34.7817676,3.13,0.97,23.91,12.83,36.74,USD
Aveiro,,Portugal,40.6413266,-8.6536321,3.78,1.38,19.05,17.58,36.63,USD
Baghdad,,Iraq,33.3128057,44.3614875,3.29,1.72,16.11,20.49,36.6,USD
Paphos,,Cyprus,34.7720133,32.4297369,7.23,1.57,13.26,22.93,36.19,USD
Cagliari,,Italy,39.2239017,9.1220945,4.48,1.82,13.45,22.68,36.13,USD
Fredericton,,Canada,45.9635895,-66.6431151,3.97,0.76,24.55,11.57,36.12,USD
Ramat Gan,,Israel,32.068424,34.824785,3.05,1.27,20.35,15.75,36.1,USD
Oshawa,,Canada,43.8970929,-78.8657912,2.83,1.25,20.77,15.33,36.1,USD
San Juan,,Puerto Rico,18.4655394,-66.1057355,1.95,1.4,20,15.95,35.95,USD
Sliema,,Malta,35.9110081,14.502904,8.96,1.01,16.81,19.06,35.87,USD
Huntsville,AL,United States,34.7303688,-86.5861037,3.25,1.24,20,15.65,35.65,USD
Tripoli,,Libya,32.8872094,13.1913383,2.91,2.18,10.91,24.71,35.62,USD
Grand Rapids,MI,United States,42.9633599,-85.6680863,3.3,1.12,21,14.5,35.5,USD
Denver,CO,United States,39.7392358,-104.990251,2.52,2,12.5,22.52,35.02,USD
Atlanta,GA,United States,33.7489954,-84.3879824,3,1.4,18,17,35,USD
Bath,,United Kingdom,51.375801,-2.3599039,4,1.37,16.94,17.7,34.64,USD
Harrisburg,PA,United States,40.2731911,-76.8867008,2.2,1.74,15,19.6,34.6,USD
Brampton,,Canada,43.7315479,-79.7624177,3.4,0.85,22.66,11.9,34.56,USD
Panama City,,Panama,8.9823792,-79.5198696,2,1.25,20,14.5,34.5,USD
Irbil,,Iraq,36.2062933,44.0088697,4,1.74,12.91,21.4,34.31,USD
Winnipeg,,Canada,49.895136,-97.1383744,2.66,1.06,20.8,13.26,34.06,USD
Bari,,Italy,41.1171488,16.8719083,3.36,1.09,19.61,14.26,33.87,USD
Naples,,Italy,40.8517746,14.2681244,3.92,0.94,20.17,13.32,33.49,USD
Heraklion,,Greece,35.3387352,25.1442126,3.36,1.91,10.65,22.46,33.11,USD
Accra,,Ghana,5.6037168,-0.1869644,1.8,2.59,5.28,27.7,32.98,USD
Raleigh,NC,United States,35.7795897,-78.6381787,2.45,1.55,15,17.95,32.95,USD
Pretoria,,South Africa,-25.7478676,28.2292712,2.58,1.16,18.72,14.18,32.9,USD
Kingston,,Canada,44.2311717,-76.4859544,2.26,0.94,20.9,11.66,32.56,USD
Porto,,Portugal,41.1579438,-8.6291053,3.93,0.84,19.52,12.33,31.85,USD
Tampa,FL,United States,27.950575,-82.4571776,2.74,1,19,12.74,31.74,USD
Ottawa,,Canada,45.4215296,-75.6971931,2.64,1.46,14.34,17.24,31.58,USD
Oklahoma City,OK,United States,35.4675602,-97.5164276,2.75,1.24,16,15.15,31.15,USD
Ad Dammam,,Saudi Arabia,26.3926665,49.9777136,2.67,2,8,22.67,30.67,USD
Tirana,,Albania,41.3275459,19.8186982,2.24,1.81,10.09,20.34,30.43,USD
Lagos,,Nigeria,6.5243793,3.3792057,2.51,2.01,7.54,22.61,30.15,USD
Port Moresby,,Papua New Guinea,-9.4780123,147.1506542,2.07,1.69,10.85,18.97,29.82,USD
Patras,,Greece,38.2466395,21.734574,3.81,1.36,11.21,17.41,28.62,USD
Cancun,,Mexico,21.161908,-86.8515279,1.49,1.49,11.9,16.39,28.29,USD
Nicosia,,Cyprus,35.1855659,33.3822764,5.6,0,22.41,5.6,28.01,USD
Ljubljana,,Slovenia,46.0569465,14.5057515,1.12,1,16.81,11.12,27.93,USD
Santiago,,Chile,-33.4488897,-70.6692655,0.43,1.58,11.21,16.23,27.44,USD
Split,,Croatia,43.5081323,16.4401935,2.97,1.48,9.64,17.77,27.41,USD
Nashville,TN,United States,36.1626638,-86.7816016,3,1.24,12,15.4,27.4,USD
Taichung,,Taiwan,24.1477358,120.6736482,2.61,0.61,18.44,8.71,27.15,USD
Prague,,Czech Republic,50.0755381,14.4378005,1.67,1.04,15.01,12.07,27.08,USD
Macao,,Macao,22.198745,113.543873,1.88,1.55,9.68,17.38,27.06,USD
Brno,,Czech Republic,49.1950602,16.6068371,1.67,1.1,14.38,12.67,27.05,USD
Nairobi,,Kenya,-1.2920659,36.8219462,2.89,1.92,4.81,22.09,26.9,USD
Charleston,SC,United States,32.7764749,-79.9310512,4,1.09,12,14.9,26.9,USD
Budapest,,Hungary,47.497912,19.040235,1.61,1,15.07,11.61,26.68,USD
Lisbon,,Portugal,38.7222524,-9.1393366,3.65,0.59,16.66,9.55,26.21,USD
Braga,,Portugal,41.5454714,-8.4265071,4.34,0.5,16.81,9.34,26.15,USD
Caracas,,Venezuela,10.4805937,-66.9036063,10,1.5,1,25,26,USD
Kigali,,Rwanda,-1.9705786,30.1044288,4.8,2.06,0.55,25.4,25.95,USD
Columbus,OH,United States,39.9611755,-82.9987942,3.18,1.24,10,15.58,25.58,USD
Hong Kong,,Hong Kong,22.396428,114.109497,2.84,1.03,12.39,13.14,25.53,USD
Tallinn,,Estonia,59.4369608,24.7535746,2.86,0.67,15.69,9.56,25.25,USD
Kuwait City,,Kuwait,29.375859,47.9774052,3.31,1.65,5.38,19.81,25.19,USD
Natal,,Brazil,-5.7792569,-35.200916,1.25,1.39,10.04,15.15,25.19,USD
Phuket,,Thailand,7.9519331,98.3380884,5.58,0.56,13.96,11.18,25.14,USD
Addis Ababa,,Ethiopia,8.9806034,38.7577605,1.61,0.85,15,10.11,25.11,USD
Dar Es Salaam,,Tanzania,-6.792354,39.2083284,3.05,1.43,7.72,17.35,25.07,USD
Montevideo,,Uruguay,-34.9011127,-56.1645314,1.33,1.05,12.64,11.83,24.47,USD
Male,,Maldives,4.1754959,73.5093474,1.63,1.63,6.52,17.93,24.45,USD
Cuenca,,Ecuador,-2.9001285,-79.0058965,1.5,1.54,7.5,16.9,24.4,USD
Santa Cruz De Tenerife,,Spain,28.4636296,-16.2518467,2.63,0.67,14.68,9.33,24.01,USD
Manama,,Bahrain,26.2285161,50.5860497,3.98,0.66,13.25,10.58,23.83,USD
Tartu,,Estonia,58.3776252,26.7290063,2.91,0.67,14.18,9.61,23.79,USD
Havana,,Cuba,23.1135925,-82.3665956,1,1,12.5,11,23.5,USD
Athens,,Greece,37.9838096,23.7275388,3.38,0.77,12.23,11.08,23.31,USD
Lima,,Peru,-12.0463667,-77.0427891,1.55,1.55,6.2,17.05,23.25,USD
Yangon,,Myanmar,16.8660694,96.195132,1.27,1.56,6,16.87,22.87,USD
Moscow,,Russia,55.755826,37.6173,4.43,0.37,14.66,8.13,22.79,USD
Chania,,Greece,35.5138298,24.0180367,3.36,0.72,12.16,10.56,22.72,USD
Jubail,,Saudi Arabia,26.9597709,49.5687416,2.67,1.33,6.66,15.97,22.63,USD
Thessaloniki,,Greece,40.6400629,22.9444191,3.59,0.76,11.42,11.19,22.61,USD
San Jose,,Costa Rica,9.9280694,-84.0907246,1.2,1.2,9.39,13.2,22.59,USD
Cali,,Colombia,3.45246,-76.535758,1.37,1.63,4.88,17.67,22.55,USD
Las Palmas,,Spain,28.1235459,-15.4362574,1.94,0.71,13.45,9.04,22.49,USD
Bandar Seri Begawan,,Brunei,4.9030522,114.939821,2.12,0.55,14.87,7.62,22.49,USD
Playa del Carmen,,Mexico,20.6295586,-87.0738851,1.64,1.19,8.92,13.54,22.46,USD
Bratislava,,Slovakia,48.1485965,17.1077477,3.36,0.56,13.45,8.96,22.41,USD
Ostrava,,Czech Republic,49.8209226,18.2625243,1.14,0.87,12.44,9.84,22.28,USD
Ramallah,,Palestinian Territory,31.9037641,35.2034184,2.54,0.95,10.18,12.04,22.22,USD
Seoul,,South Korea,37.566535,126.9779692,2.54,0.93,10.15,11.84,21.99,USD
Gdansk,,Poland,54.3520252,18.6466384,1.86,0.66,13.26,8.46,21.72,USD
Campinas,,Brazil,-22.9099384,-47.0626332,1.26,0.82,12,9.46,21.46,USD
Harare,,Zimbabwe,-17.8251657,31.03351,5,1,6,15,21,USD
Muscat,,Oman,23.58589,58.4059227,2.6,0.52,12.98,7.8,20.78,USD
Larnaca,,Cyprus,34.9002535,33.6231723,3.36,1.18,5.6,15.16,20.76,USD
Kampala,,Uganda,0.3475964,32.5825197,2.73,1.36,4.09,16.33,20.42,USD
Ribeirao Preto,,Brazil,-21.170511,-47.8102452,1.12,0.81,11.16,9.22,20.38,USD
Durban,,South Africa,-29.8586804,31.0218404,0.75,1.05,8.99,11.25,20.24,USD
Kosice,,Slovakia,48.7163857,21.2610746,2.24,0.67,11.21,8.94,20.15,USD
Plzen,,Czech Republic,49.7384314,13.3736371,1.77,1,8.34,11.77,20.11,USD
Rhodes,,Greece,36.4340533,28.2176379,1.27,0.7,11.67,8.27,19.94,USD
Izmir,,Turkey,38.423734,27.142826,1.03,0.86,10.27,9.63,19.9,USD
Singapore,,Singapore,1.352083,103.819836,2.41,0.39,12.71,6.31,19.02,USD
Saint Petersburg,,Russia,59.9342802,30.3350986,4.7,0.61,8.07,10.8,18.87,USD
Warsaw,,Poland,52.2296756,21.0122287,2.13,0.59,10.64,8.03,18.67,USD
Angeles,,Philippines,15.1449853,120.5887029,0.99,1.12,6.41,12.19,18.6,USD
Ajman,,United Arab Emirates,25.4052165,55.5136433,0.82,1.16,6.13,12.42,18.55,USD
Riga,,Latvia,56.9496487,24.1051864,2.25,0.72,9.02,9.45,18.47,USD
Ankara,,Turkey,39.9333635,32.8597419,1.03,0.92,8.21,10.23,18.44,USD
Gdynia,,Poland,54.5188898,18.5305409,1.99,0.58,10.6,7.79,18.39,USD
Bursa,,Turkey,40.1885281,29.0609636,1.03,0.86,8.56,9.63,18.19,USD
Zadar,,Croatia,44.119371,15.2313648,3.34,0.74,7.41,10.74,18.15,USD
Sao Paulo,,Brazil,-23.5505199,-46.6333094,1.24,0.76,9.09,8.84,17.93,USD
Osijek,,Croatia,45.5549624,18.6955144,2.97,0.74,7.41,10.37,17.78,USD
Antalya,,Turkey,36.8968908,30.7133233,1.2,0.62,10.27,7.4,17.67,USD
Vilnius,,Lithuania,54.6871555,25.2796514,0.73,0.7,9.74,7.73,17.47,USD
Guadalajara,,Mexico,20.6596988,-103.3496092,1.01,0.45,11.9,5.51,17.41,USD
Lodz,,Poland,51.7592485,19.4559833,1.59,0.61,9.54,7.69,17.23,USD
Bahrain,,Bahrain,26.0667,50.5577,4.64,0.99,2.65,14.54,17.19,USD
Kaohsiung,,Taiwan,22.6272784,120.3014353,2.61,0.61,8.45,8.71,17.16,USD
Brasilia,,Brazil,-15.7942287,-47.8821658,1.17,0.75,8.37,8.67,17.04,USD
Abuja,,Nigeria,9.0764785,7.398574,2.01,1,5.02,12.01,17.03,USD
Puebla,,Mexico,19.0412967,-98.2061996,2.08,0.59,8.92,7.98,16.9,USD
Riyadh,,Saudi Arabia,24.7135517,46.6752957,1.33,0.49,10.66,6.23,16.89,USD
Banja Luka,,Bosnia And Herzegovina,44.7721811,17.191,1.15,0.69,8.59,8.05,16.64,USD
Port Elizabeth,,South Africa,-33.7139247,25.5207358,1.5,0.75,7.49,9,16.49,USD
Guatemala City,,Guatemala,14.6349149,-90.5068824,3.26,0.65,6.51,9.76,16.27,USD
Asuncion,,Paraguay,-25.2637399,-57.575926,0.93,0.69,8.38,7.83,16.21,USD
Krakow (Cracow),,Poland,50.0646501,19.9449799,1.6,0.53,9.31,6.9,16.21,USD
Katowice,,Poland,50.2648919,19.0237815,1.59,0.66,7.95,8.19,16.14,USD
Tijuana,,Mexico,32.5149469,-117.0382471,1.19,0.59,8.92,7.09,16.01,USD
Merida,,Mexico,20.9673702,-89.5925857,1.19,0.59,8.92,7.09,16.01,USD
Lublin,,Poland,51.2464536,22.5684463,1.46,0.49,9.28,6.36,15.64,USD
Dubai,,United Arab Emirates,25.2048493,55.2707828,2.04,0.54,8.17,7.44,15.61,USD
Zagreb,,Croatia,45.8150108,15.981919,2.23,0.74,5.94,9.63,15.57,USD
Doha,,Qatar,25.2854473,51.5310398,2.75,0.44,8.24,7.15,15.39,USD
Guayaquil,,Ecuador,-2.1709979,-79.9223592,1.5,0.38,10,5.3,15.3,USD
Istanbul,,Turkey,41.0082376,28.9783589,1.1,0.69,7.21,8,15.21,USD
Curitiba,,Brazil,-25.4289541,-49.267137,1.37,0.7,6.7,8.37,15.07,USD
Belgrade,,Serbia,44.786568,20.4489216,1.58,0.65,6.99,8.08,15.07,USD
Johannesburg,,South Africa,-26.2041028,28.0473051,1.88,0.9,4.13,10.88,15.01,USD
Goiania,,Brazil,-16.6868912,-49.2647943,1.19,0.82,5.58,9.39,14.97,USD
Penang,,Malaysia,5.4163459,100.3327617,2.38,0.64,5.96,8.78,14.74,USD
Poznan,,Poland,52.406374,16.9251681,1.42,0.53,7.95,6.72,14.67,USD
Szczecin,,Poland,53.4285438,14.5528116,0.8,0.53,8.22,6.1,14.32,USD
Rio De Janeiro,,Brazil,-22.9068467,-43.1728965,1.39,0.57,7.21,7.09,14.3,USD
Wroclaw,,Poland,51.1078852,17.0385376,1.59,0.67,5.97,8.29,14.26,USD
Amman,,Jordan,31.9453666,35.9283716,0.42,0.67,7.06,7.12,14.18,USD
Novosibirsk,,Russia,55.0083526,82.9357327,2.63,0.36,7.91,6.23,14.14,USD
Kota Kinabalu,,Malaysia,5.980408,116.0734568,2.38,0.48,6.92,7.18,14.1,USD
Minsk,,Belarus,53.9045398,27.5615244,2.9,0.5,6,7.9,13.9,USD
Belo Horizonte,,Brazil,-19.9166813,-43.9344931,1.21,0.66,6.06,7.81,13.87,USD
Taipei,,Taiwan,25.0329694,121.5654177,2.15,0.61,5.53,8.25,13.78,USD
Abu Dhabi,,United Arab Emirates,24.453884,54.3773438,0.98,0.46,8.17,5.58,13.75,USD
Shenzhen,,China,22.543096,114.057865,2.04,0.39,7.53,5.94,13.47,USD
Rabat,,Morocco,33.9715904,-6.8498129,0.88,0.72,5.15,8.08,13.23,USD
Bogota,,Colombia,4.7109886,-74.072092,1.27,0.54,6.5,6.67,13.17,USD
Salvador,,Brazil,-12.9730401,-38.502304,1.13,0.56,6.42,6.73,13.15,USD
Ulaanbaatar,,Mongolia,47.8863988,106.9057439,0.6,0.45,8,5.1,13.1,USD
Monterrey,,Mexico,25.6866142,-100.3161126,0.59,0.36,8.9,4.19,13.09,USD
Baku,,Azerbaijan,40.4092617,49.8670924,0.95,0.67,5.24,7.65,12.89,USD
Klaipeda,,Lithuania,55.7032948,21.1442794,0.65,0.41,8.11,4.75,12.86,USD
Vitoria,,Brazil,-20.2976178,-40.2957768,1.06,0.68,4.81,7.86,12.67,USD
Sofia,,Bulgaria,42.6977082,23.3218675,0.46,0.46,7.61,5.06,12.67,USD
Florianopolis,,Brazil,-27.5953778,-48.5480499,1.1,0.72,4.23,8.3,12.53,USD
Medellin,,Colombia,6.244203,-75.5812119,1.09,0.35,7.8,4.59,12.39,USD
Podgorica,,Montenegro,42.4304196,19.2593642,1.12,0.45,6.72,5.62,12.34,USD
Fortaleza,,Brazil,-3.7318616,-38.5266704,1.12,0.56,5.58,6.72,12.3,USD
Sarajevo,,Bosnia And Herzegovina,43.8562586,18.4130763,0.86,0.57,5.73,6.56,12.29,USD
Alexandria,,Egypt,31.2000924,29.9187387,0.64,0.64,5.11,7.04,12.15,USD
Varna,,Bulgaria,43.2140504,27.9147333,0.57,0.46,6.87,5.17,12.04,USD
Tianjin,,China,39.084158,117.200983,1.33,0.27,7.95,4.03,11.98,USD
Cluj-napoca,,Romania,46.7712101,23.6236353,0.57,0.57,5.69,6.27,11.96,USD
Kaunas,,Lithuania,54.8985207,23.9035965,0.81,0.65,4.59,7.31,11.9,USD
Cape Town,,South Africa,-33.9248685,18.4240553,0.75,0.75,3.62,8.25,11.87,USD
Kharkiv,,Ukraine,49.9935,36.230383,1.39,0.17,8.76,3.09,11.85,USD
Pristina,,Kosovo (Disputed Territory),0,0,1.68,0.56,4.48,7.28,11.76,USD
Shanghai,,China,31.230416,121.473701,2.2,0.47,4.8,6.9,11.7,USD
Puerto Vallarta,,Mexico,20.653407,-105.2253316,2.68,0.3,5.95,5.68,11.63,USD
Ashgabat,,Turkmenistan,37.9600766,58.3260629,0,0.46,7,4.6,11.6,USD
Timisoara,,Romania,45.7488716,21.2086793,0.55,0.55,5.54,6.05,11.59,USD
Porto Alegre,,Brazil,-30.0346471,-51.2176584,1.25,0.62,4.13,7.45,11.58,USD
Tunis,,Tunisia,36.8064948,10.1815316,0.23,0.36,7.68,3.83,11.51,USD
Islamabad,,Pakistan,33.7293882,73.0931461,0.96,0.86,1.92,9.56,11.48,USD
Almaty,,Kazakhstan,43.2220146,76.8512485,1.23,0.41,6.13,5.33,11.46,USD
Beijing,,China,39.904211,116.407395,2.04,0.36,5.8,5.64,11.44,USD
Yekaterinburg,,Russia,56.8389261,60.6057025,2.68,0.4,4.66,6.68,11.34,USD
Plovdiv,,Bulgaria,42.1354079,24.7452904,0.52,0.37,6.87,4.22,11.09,USD
Recife,,Brazil,-8.0475622,-34.8769643,1.21,0.59,3.96,7.11,11.07,USD
Algiers,,Algeria,36.753768,3.0587561,0.24,0.28,8.03,3.04,11.07,USD
Casablanca,,Morocco,33.5731104,-7.5898434,0.72,0.72,3.09,7.92,11.01,USD
Skopje,,Macedonia,41.9973462,21.4279956,0.73,0.46,5.47,5.33,10.8,USD
Beersheba,,Israel,31.252973,34.791462,5.72,0,5,5.72,10.72,USD
Iasi,,Romania,47.1584549,27.6014418,0.51,0.51,5.09,5.61,10.7,USD
Guangzhou,,China,23.12911,113.264385,1.57,0.41,4.89,5.67,10.56,USD
Sibiu,,Romania,45.7983273,24.1255826,0.5,0.5,4.9,5.5,10.4,USD
Tehran,,Iran,35.6891975,51.3889736,0.4,0.5,5,5.4,10.4,USD
Phnom Penh,,Cambodia,11.5448729,104.8921668,1.12,0.72,2,8.32,10.32,USD
Windhoek,,Namibia,-22.5608807,17.0657549,0.75,0.75,2.06,8.25,10.31,USD
Queretaro,,Mexico,20.5887932,-100.3898881,2.38,0.3,4.76,5.38,10.14,USD
Dnipropetrovsk,,Ukraine,48.464717,35.046183,1.6,0.29,5.59,4.5,10.09,USD
Petaling Jaya,,Malaysia,3.1278871,101.5944885,0.72,0.21,7.15,2.82,9.97,USD
Quezon City,,Philippines,14.6760413,121.0437003,0.85,0.52,3.85,6.05,9.9,USD
Nanjing,,China,32.060255,118.796877,1.65,0.38,4.45,5.45,9.9,USD
Novi Sad,,Serbia,45.2671352,19.8335496,0.75,0.53,3.68,6.05,9.73,USD
Dhaka,,Bangladesh,23.810332,90.4125181,1.05,0.57,2.87,6.75,9.62,USD
Kuala Lumpur,,Malaysia,3.139003,101.686855,0.72,0.29,5.97,3.62,9.59,USD
Mexico City,,Mexico,19.4326077,-99.133208,0.54,0.3,5.95,3.54,9.49,USD
Constanta,,Romania,44.1598013,28.6348138,0.46,0.45,4.42,4.96,9.38,USD
Chiang Mai,,Thailand,18.7060641,98.9817163,0.98,0.28,5.58,3.78,9.36,USD
Cebu,,Philippines,10.3156992,123.8854366,0.85,0.36,4.27,4.45,8.72,USD
Makati,,Philippines,14.554729,121.0244452,0.85,0.21,5.77,2.95,8.72,USD
Nis,,Serbia,43.3209022,21.8957589,0.75,0.51,2.8,5.85,8.65,USD
Tashkent,,Uzbekistan,41.2994958,69.2400734,1.25,0.35,3.8,4.75,8.55,USD
Dumaguete,,Philippines,9.3068402,123.3054467,2.14,0.21,4.27,4.24,8.51,USD
Damascus,,Syria,33.5138073,36.2765279,0.33,0.3,5,3.33,8.33,USD
Kathmandu,,Nepal,27.7172453,85.3239605,1.41,0.47,2.12,6.11,8.23,USD
Odesa,,Ukraine,46.482526,30.7233095,1.52,0.22,4.5,3.72,8.22,USD
Johor Baharu,,Malaysia,1.492659,103.7413591,0.72,0.3,4.29,3.72,8.01,USD
Bali,,Indonesia,-8.3405389,115.0919509,0.5,0.44,2.84,4.9,7.74,USD
Brasov,,Romania,45.6579755,25.6011977,0.39,0.39,3.41,4.29,7.7,USD
Ho Chi Minh City,,Vietnam,10.8230989,106.6296638,0.53,0.62,0.8,6.73,7.53,USD
Davao,,Philippines,7.190708,125.455341,0.85,0.27,3.85,3.55,7.4,USD
Craiova,,Romania,44.3301785,23.7948808,0.35,0.35,3.54,3.85,7.39,USD
Bucharest,,Romania,44.4267674,26.1025384,0.35,0.35,3.54,3.85,7.39,USD
Pattaya,,Thailand,12.9276082,100.8770813,0.98,0.14,5,2.38,7.38,USD
Quito,,Ecuador,-0.1806532,-78.4678382,0.48,0.3,3.8,3.48,7.28,USD
Lahore,,Pakistan,31.5546061,74.3571581,1.92,0.34,1.92,5.32,7.24,USD
Xi'an,,China,34.341575,108.93977,1.02,0.24,3.76,3.42,7.18,USD
Tbilisi,,Georgia,41.7151377,44.827096,1.28,0.23,3.4,3.58,6.98,USD
Kiev,,Ukraine,50.4501,30.5234,1.67,0.23,2.94,3.97,6.91,USD
Hanoi,,Vietnam,21.0277644,105.8341598,0.44,0.49,1.47,5.34,6.81,USD
Jakarta,,Indonesia,-6.1744651,106.822745,0.53,0.28,3.42,3.33,6.75,USD
Rawalpindi,,Pakistan,33.598394,73.0441352,0.48,0.43,1.92,4.78,6.7,USD
Manila,,Philippines,14.5995124,120.9842195,0.86,0.26,2.69,3.46,6.15,USD
Vijayawada,,India,16.5061743,80.6480153,2.26,0.23,1.51,4.56,6.07,USD
Bangkok,,Thailand,13.7563309,100.5017651,0.98,0.17,3.35,2.68,6.03,USD
Jalandhar,,India,31.3260152,75.5761829,0.27,0.38,1.88,4.07,5.95,USD
Lviv,,Ukraine,49.839683,24.029717,1.23,0.25,2.14,3.73,5.87,USD
Chisinau,,Moldova,47.0104529,28.8638103,1.31,0.16,2.89,2.91,5.8,USD
Lucknow (Lakhnau),,India,26.8466937,80.946166,1.51,0.27,1.58,4.21,5.79,USD
Surabaya,,Indonesia,-7.2574719,112.7520883,0.43,0.28,2.56,3.23,5.79,USD
Surat,,India,21.1702401,72.8310607,0.56,0.22,3.01,2.76,5.77,USD
Gurgaon,,India,28.4594965,77.0266383,0.75,0.35,1.51,4.25,5.76,USD
Goa,,India,15.2993265,74.123996,0.41,0.38,1.51,4.21,5.72,USD
Bandung,,Indonesia,-6.9174639,107.6191228,0.5,0.28,2.38,3.3,5.68,USD
Kochi,,India,9.9312328,76.2673041,2.26,0.19,1.51,4.16,5.67,USD
Yerevan,,Armenia,40.1791857,44.4991029,1.24,0.21,2.27,3.34,5.61,USD
Valenzuela,,Philippines,14.7010556,120.9830225,0.85,0.1,3.74,1.85,5.59,USD
Karachi,,Pakistan,24.8614622,67.0099388,0.96,0.26,1.92,3.56,5.48,USD
Visakhapatnam,,India,17.6868159,83.2184815,0.84,0.2,2.63,2.84,5.47,USD
Ludhiana,,India,30.900965,75.8572758,0.83,0.23,2.26,3.13,5.39,USD
Chennai,,India,13.0826802,80.2707184,1.51,0.23,1.51,3.81,5.32,USD
Siem Reap,,Cambodia,13.3670968,103.8448134,1.5,0.26,1,4.1,5.1,USD
Mumbai,,India,19.0759837,72.8776559,0.32,0.3,1.51,3.32,4.83,USD
Guwahati,,India,26.1445169,91.7362365,0.45,0.27,1.66,3.15,4.81,USD
Bhubaneswar,,India,20.2960587,85.8245398,1.51,0.23,0.98,3.81,4.79,USD
Kolkata,,India,22.572646,88.363895,0.38,0.3,1.36,3.38,4.74,USD
Bangalore,,India,12.9715987,77.5945627,0.86,0.23,1.51,3.16,4.67,USD
Thiruvananthapuram,,India,8.5241391,76.9366376,0.45,0.27,1.51,3.15,4.66,USD
Jaipur,,India,26.9124336,75.7872709,0.75,0.23,1.51,3.05,4.56,USD
Navi Mumbai,,India,19.0330488,73.0296625,0.3,0.3,1.2,3.3,4.5,USD
Colombo,,Sri Lanka,6.9270786,79.861243,0.37,0.33,0.74,3.67,4.41,USD
Hyderabad,,India,17.385044,78.486671,0.6,0.23,1.51,2.9,4.41,USD
Thane,,India,19.2183307,72.9780897,0.38,0.3,0.9,3.38,4.28,USD
Delhi,,India,28.7040592,77.1024902,0.45,0.23,1.51,2.75,4.26,USD
Tiruchirapalli (Trichy),,India,10.7904833,78.7046725,1.13,0.23,0.75,3.43,4.18,USD
Medan,,Indonesia,3.5951956,98.6722227,0.43,0.25,1.25,2.93,4.18,USD
Pune,,India,18.5204303,73.8567437,0.3,0.23,1.51,2.6,4.11,USD
Cairo,,Egypt,30.0444196,31.2357116,0.38,0.18,1.92,2.18,4.1,USD
Nagpur,,India,21.1458004,79.0881546,0.98,0.22,0.9,3.18,4.08,USD
Ahmedabad,,India,23.022505,72.5713621,0.26,0.23,1.51,2.56,4.07,USD
Guntur,,India,16.3066525,80.4365402,0.83,0.23,0.9,3.13,4.03,USD
Madurai,,India,9.9252007,78.1197754,0.75,0.2,1.2,2.75,3.95,USD
Chandigarh,,India,30.7333148,76.7794179,0.41,0.26,0.9,3.01,3.91,USD
Mangalore,,India,12.9141417,74.8559568,0.38,0.2,1.51,2.38,3.89,USD
Bhopal,,India,23.2599333,77.412615,0.26,0.23,1.2,2.56,3.76,USD
Coimbatore,,India,11.0168445,76.9558321,0.75,0.21,0.9,2.85,3.75,USD
Indore,,India,22.7195687,75.8577258,0.38,0.23,0.75,2.68,3.43,USD
Nasik,,India,19.9974533,73.7898023,0.26,0.23,0.75,2.56,3.31,USD
Vadodara,,India,22.3071588,73.1812187,0.3,0.19,0.9,2.2,3.1,USD
Noida,,India,28.5355161,77.3910265,0.3,0.2,0.75,2.3,3.05,USD
Patna,,India,25.5940947,85.1375645,0.23,0.15,1.13,1.73,2.86,USD
