2,facebook.com
8784,allfacebook.com
8840,insidefacebook.com
17174,allfacebook.de
23972,findmyfacebookid.com
28689,autofacebookmarketer.com
29976,facebookstories.com
36859,facebook-studio.com
40701,facebookstatus123.com
44450,facebook-list.com
48663,facebook.net
54416,facebookbrand.com
58297,facebook-pmdcenter.com
62458,facebook-sharer.com
67636,downfacebook.com
71287,free-facebook-account-hack.com
73433,fastfacebooklikes.com
79043,new-facebook-tipstricks.blogspot.com
80353,bajarfacebook.com
84360,trucchifacebook.com
90159,facebookvideoz.com
94389,imagenparaelfacebook.com
95051,facebook.co
102072,facebooklogin.net
123151,imagenesparamifacebook.net
123319,minecraftfacebook1.herokuapp.com
131953,imagenesparafacebook.net
139313,layouts-for-facebook.info
147798,facebookpro.com.br
150377,clubedinheironofacebook.com
150588,facebook.hu
152388,facebookresults.co.in
152639,allfacebook.com.ua
152666,facebookviralbomb.com
153253,frasesnofacebook.com.br
157297,facebooking.in
160142,trocasfacebook.com.br
160626,facebookvsyoutube.com
167650,facebooktippek.hu
168719,needfacebook.com
170708,facebookgroupposter.com
171351,frasesparafacebook.info
172170,sillyfacebookstatuses.com
172292,facebook.com.br
180894,coleccion-facebook.blogspot.mx
182021,facebookcraze.com
189040,facebooktipps.com
189226,facebookfarsi.ir
193014,thefacesoffacebook.com
199977,todofacebookenespanol.com
202982,capaparafacebook.com.br
210318,tuempresaenfacebook.com
211593,facebooklikebox.net
214452,novedadesfacebook.com
226472,facebooktausch24.de
230474,facebook-trends.de
230815,facebookunfriend.info
234229,angrybirds-facebook.appspot.com
238046,facebookslider.com
239444,facebook-japan.com
240721,facebook.om
244988,tudosobrefacebook.com.br
246970,facebookstatustop.com
248094,expressfacebookfans.com
250784,facebookmarking.com
251315,youtube.com/user/theofficialfacebook
255136,comousarfacebookpowereditor.com
260300,facebookquotes4u.com
261309,facebookrd.com
265307,unblockedfacebook.net
267744,facebook.fr
269009,lomejordefacebook.es
269302,apps-facebook.com.tw
274491,girls-from-facebook.com
275062,ifacebook.ru
278350,facebooke.ir
283758,facebooksdk.net
286689,simboli-facebook.com
287376,thefacebook.com
288427,imagenes-para-facebook.net
292773,crazybobsfacebook.com
292931,facebook.de
295369,facebookviewer.pl
296813,novelasfacebook.com
298015,facebookstatuss.com
298532,librofacebooktoolbox.com
301604,funnystatusforfacebook.in
307698,851facebook.com
307780,facebook-plan.com
310938,facebookmarksman.com
311046,portadasfacebook.net
312120,facebook-iconosgestuales-simbolos.blogspot.com
322219,hacking-facebook.com
322571,facebooktsukaikata.net
324030,bestfacebookcovers.gr
325319,facebookparalosnegocios.com
328601,mundofacebook.net
331500,facebookimagenes.net
334952,facebookvideomp3.com
336611,facebookemoticons.com
342497,facebook-fans-kaufen.de
346958,iranfacebook.net
348024,facebook-bash.com
350107,facebookblasterpro.com
354282,konsultanfacebook.com
356901,sucessonofacebook.com
360595,facebookproxy360.com
366875,wwwfacebook.com
375465,efreefacebooklikes.com
376669,shefacebook.com
380173,facebookautopost.com.br
380935,facebook-prihlaseni-prihlasit-se.eu
382794,facebook-stuff.de
383974,facebooki.ir
385334,facebookikiziniz.com
386769,myfacebooktricks.com
387026,userfriendlyfacebook.de
387382,myfacebooktools.com
387834,facebookreporter.org
388396,hackfacebookaccountsfree.wordpress.com
389140,facebookbilgi.net
392245,findfacebookid.com
392929,facebookcerca.com
407054,facebookblaster.com
411508,ehackfacebook.net
415201,facebook.bg
419825,facebooklogin.br.com
421350,facebooklive.com
421901,facebookgarage.org.uk
421971,fr-facebook.org
423594,facebookc.om
427950,facebookportadas.com
428294,facebookemoticons.org
431558,imagensparafacebook.com
434229,facebookswingers.com
436040,facebook-cams.com
436072,whoownsfacebook.com
436172,facebookskolan.se
440377,facebookpoll.net
449177,facebookbook.ru
450074,facebookcupones.com
454569,facebook-tube.com
454779,facebookstatusnow.com
455244,facebookawesometricks.blogspot.com
458081,facebookint.ru
463118,thefacebookproxy.com
465620,facebook.it
468341,facebook050.com
468530,facebookinvisibledetector.com
469910,facebook-espanol.com
471708,fbpirateruncomptefacebook.com
473606,hookedfacebook.com
480732,ja-facebook.com
481420,onlinefacebookhack2014.blogspot.com
485324,facebookcommentphoto.com
486563,appsfacebooke.com
487271,facebookhackonline.com
487353,deletefacebook.com
491775,facebookarticles.info
492917,profacebook.ru
494321,facebook-ironi.ir
501200,imagensparafacebook.org
502072,whatismyfacebookid.com
503240,facebookportadas.net
503826,facebooklikefor.com
504570,facebookgay.info
504835,buyfacebook-likes.org
505003,buatfacebookdi.blogspot.com
506303,facebookpasswordhackonline.com
510080,imagenesenfacebook.net
518190,hack-facebook-account.com
530771,fanpagelist.com/user/facebookforeveryphone
537020,viralfacebookfanpage.com
541824,freefacebookaccounthacker.com
543720,memesfacebook.co
548879,pirateruncomptefacebook.co
553794,facebookclonescript.net
555202,rohis-facebook.blogspot.com
556601,facebookcoversize.com
557179,facebookstatus4you.com
559565,drupalforfacebook.org
560096,famososdesnudosfacebook.blogspot.mx
581148,facebookproxy-unblock.com
581601,reversefacebook.net
586565,facebookmaxxa.blogspot.com
588726,wakwak-facebook.com
591864,unfriendfinderfacebook.com
594199,facebooknoticias.com
595522,avfacebook.com
600973,facebook-sharer.com.br
601077,facebook.co.uk
601898,wildfacebook.com
606239,frasesengracadasparafacebook.com
607321,publicaenfacebook.com.es
613188,facebookcover-material.com
617428,radiofacebook.fm
621364,facebook-iconosgestuales-simbolos.blogspot.mx
622127,facebookargentina.name
624526,imagenesfacebooksensei.com
627754,smileysfacebookemoticons.blogspot.fr
632549,komisifacebook.com
636085,facebookngupshup.blogspot.in
638217,facebookawesometricks.blogspot.in
638552,facebook-comments-box.blogspot.in
640137,new-facebook-tipstricks.blogspot.in
641527,capasdefacebook.net
643504,facebook-comments-box.blogspot.com
644195,xn--facebook-u33gz07yld8b.biz
648765,bisnisfacebooker.com
649142,frasiperfacebook.com
649417,unblock-facebookproxy.com
655462,facebookdownloadvideo.com
667802,facebookhesapkapat.com
675217,facebookpak.com
678760,facebookfails.es
679211,facebooktwitteryoutubeflickr.blogspot.it
681608,buy-facebooklikes.co.uk
683279,facebook-couverture.blogspot.com
686909,facebookfriendadder.com
688908,facebooktemplates2u.com
691137,facebook-titelbild.de
692383,facebook-post.empowernetwork.com
694599,funnystatusforfacebook.blogspot.in
697666,facebookmessengerdownload.org
698576,facebook-iconosgestuales-simbolos.blogspot.com.es
699342,facebooklikegenerator.wordpress.com
699482,facebooklog-in.net
702032,newfacebookaccount.org
704054,facebook-survey.com
704522,facebookee.com
711825,megusta-facebook.com
724823,facebook-en-mieux.fr
726025,facebookpagescollection.blogspot.com
728190,likefacebooks.com
730128,facebookpage.co.kr
734020,postonfacebook.com
734863,pirater-facebook-gratuit.net
736178,facebookyat.com
737690,facebookzoom.info
752076,facebooknice.net
752173,facebooklimiter.com
752516,facebookcovers.org
754386,anti-facebook.com
755723,facebookloginmobile.org
756722,facebookdestek.com
757062,facebookdominicano.com
762724,funnypicturesforfacebooker.blogspot.in
771971,fa-facebook.ir
772475,facebookstatus.in
776095,jasalikefanpagefacebook.web.id
776152,facebook-post.empowernetwork.com/blog
780760,facebookloginsigninup.com
787241,privatefacebook.wordpress.com
788504,facebookhilecimiz.blogspot.com.tr
793336,actualfacebookgraphsearches.tumblr.com
795339,sex-facebook.net
796036,facebook-iconosgestuales-simbolos.blogspot.com.ar
796157,portadas-facebook.net
799067,imagenesparafacebookconfrases.com
799631,facebook-enespanol.net
803728,facebook-emoticons-symbols.blogspot.com
804012,facebookcollection.org
809780,facebookfun.nl
812811,facebook-learn.com
813678,facebook-successstories.com
818292,es-facebook.net
819742,comoganhardinheirocomfacebook.com
823070,massfacebook.blogspot.com
823432,facebooksecurityexperts.com
824317,facebookblog.nl
828164,facebook-e.com
830684,downloadfacebookhack.com
831646,wwwpiensadiferentefacebook.blogspot.com.es
831693,facebookgeheim.nl
832367,facebook.pl
832413,hackfacebook-febrero.blogspot.mx
839227,emoticon-facebook.com
849183,facebookvendor.com
851777,facebookbaz.blogfa.com
858809,facebook-begen.net
859788,pro-facebook.ru
861875,blogdofacebook.com
865116,ssfacebook.com
867993,facebookranking.info
869556,facebookamor.com
870417,9facebooktitelbild.de
871659,facebook-login.co
871905,simcityfacebook.ru
877693,portadasparafacebook.mx
878229,journal-facebook.fr
883302,comofazerfacebook.com.br
884289,facebook2zip.com
891122,facebook-likes-kaufen.eu
892489,facebookkrushers.com
893896,comohackerfacebook.blogspot.com
896074,facebookseguidoresfacil.blogspot.com.br
897565,divulgarnofacebook.com.br
900264,facebookhackpass.info
900482,facebook.typepad.com
900536,facebookfanskaufen.eu
907982,rahsiaduitfacebook.com
911144,facebookargentina.net
912300,gfacebook.com
918648,facebookplanner.com
920446,bestfacebookpages.com
926138,tanzefacebooki.blogfa.com
932724,allfacebookoffers.com
936654,hackingfacebook.net
938008,facebook-boritokep.hu
938554,facebookyoutubeindir.gen.tr
939274,hackearfacebook.net
940625,facebookhizmetleri.com
940836,facebookgalleria.com
941206,thefacebookcover.com
942180,facebook-answers.blogspot.com
947665,buyrealfacebooklike.com
950026,visitasfacebook.com.ar
951721,descargar-facebook.com
954543,ffacebook.gen.tr
957472,facebookfun99.com
959629,facebookbuscar.com
961791,facebook.com.bd
962373,divulgarnofacebook.com
965271,facebook-ru.ucoz.com
965350,facebookcoverfans.com
965444,email4facebook.wordpress.com
975244,mfacebook.com
978559,nonprofitfacebookguy.com
979576,zurkervsfacebook.com
980468,comfacebook.com
984758,easyfacebooksharethumbnail.com
985016,facebook-design.com
986552,facebookcommercestrategies.com
987447,tudoprafacebook.blogspot.com.br
992580,xhackfacebook.com
993348,facebook.co.in
999238,emoticonefacebook.com
999365,facebooke.com
