1,google.com
15,google.co.in
28,google.de
32,google.co.uk
34,google.fr
36,google.co.jp
40,google.com.br
41,google.ru
45,google.es
47,google.it
55,google.com.mx
57,google.com.hk
63,google.ca
76,googleusercontent.com
77,google.com.tr
89,google.com.au
93,google.pl
114,google.com.sa
115,google.com.ar
119,google.com.eg
130,google.com.pk
131,google.nl
139,google.com.tw
148,google.co.th
150,google.co.za
164,google.co.ve
182,google.gr
188,google.co.id
189,google.com.co
193,google.be
196,google.com.ua
198,google.com.ng
199,google.com.vn
210,google.ro
220,google.se
232,google.dz
234,google.at
237,google.com.ph
253,google.com.pe
267,google.ch
277,google.ae
278,google.cl
282,google.pt
284,google.com.bd
287,google.com.sg
316,google.co.kr
320,google.cz
362,google.co.hu
373,google.no
379,google.ie
380,google.az
408,google.cn
431,google.dk
435,google.co.il
461,google.fi
509,google.com.my
546,google.sk
639,google.com.kw
645,google.kz
669,google.lk
689,google.bg
712,google.co.nz
740,google.com.ec
788,google.com.do
840,google.rs
879,google.hr
884,google.com.ly
939,google.by
945,google.lt
1048,google.iq
1063,google.tn
1196,googleapis.com
1234,googleadservices.com
1306,google.com.gt
1380,google.si
1534,google.co.ma
1546,google.com.et
1802,google.com.qa
1921,google.com.pr
1929,google.com.af
1933,google.com.sv
2002,google.lv
2095,google.co.tz
2123,google.jo
2153,google.com.bo
2211,google.ba
2261,google.com.uy
2358,google.com.lb
2587,google.com.gh
2875,googlecode.com
2880,google.cm
2924,google.lu
2982,google.com.np
3037,google.co.ke
3092,google.ee
3171,google.com.ni
3177,google.com.bh
3252,google.hn
3300,google.com.py
3378,google.org
3622,google.co.cr
3630,google.ci
3753,google.com.om
3782,google.com.kh
3988,googlevideo.com
4308,googleping.com
4314,google.tt
4326,google.com.cy
4538,google.ge
5178,google.al
5303,google.mg
5487,googlegroups.com
5534,google.am
5640,google.cd
5671,google.sn
5771,google.com.cu
6041,google.mn
6258,googlesyndication.com
6771,google.mu
8409,googledrive.com
8505,google.com.jm
9086,google.com.gi
9273,google.co.zm
9378,googlekeywordtool.com
9544,google-analytics.com
9690,googleplex.com
9968,google.co.ug
10028,withgoogle.com
10049,google.com.bn
10441,google.md
10685,googlewebmastercentral.blogspot.com
10778,google.com.mm
11023,google.ps
11454,google.com.na
11790,google.co.mz
12127,thinkwithgoogle.com
12294,google.com.mt
12343,google.rw
12665,google.is
13130,google.la
13556,google.com.pa
13584,googlewebmastercentral.blogspot.in
14163,google.bj
14360,feedproxy.google.com/~r
14539,google.ht
14661,google.co.bw
15472,google.bf
15625,googleapps.com
15842,google.ml
16208,googleblog.blogspot.com
18577,google.bs
19065,google.co.uz
22712,google.me
25675,googleguide.com
25821,google-developers.appspot.com
28304,googleblog.blogspot.in
30973,google.as
32543,google.tg
32640,google.co.zw
34415,googlelabs.com
34621,googlesystem.blogspot.com
35651,google.cat
36246,googlesource.com
36265,googleratings.com
36278,google.gy
37045,googlewebmastercentral.blogspot.co.uk
37498,google.so
39220,google.com.bz
41325,googletagmanager.com
42078,9to5google.com
42835,google.kg
43084,google.gp
46183,googlewatchblog.de
48778,google.mk
48959,google.co
50677,google.com.pg
50795,googletheplanet.com
52388,www-google.com
52811,google.ad
53506,google.sc
55350,rank-in-google.com
56447,google.ne
56489,googlekeywordplanner.com
58805,google-co.com
59269,google.bt
61333,googlesystem.blogspot.in
61518,filegoogle.com
61793,googleanalyticstest.com
61922,addurltogooglesearch.com
61958,google-ping.com
65648,google.mv
70690,googlermb.com
78073,addgoogleurl.com
78816,fuckgoogle.com
80421,google.cv
81277,google.cg
82316,baigoogledu.com
82347,google.om
83488,google-melange.com
85131,googlestore.com
85812,googleposition.com
86173,advgoogle.blogspot.com
86376,google.co.ao
87278,googlerankings.com
88189,google.com.vc
93007,googlewebmastercentral.blogspot.ca
93156,newgoogleadwords.info
94099,google-academies.es
94141,googlegooru.com
94573,google.tm
95255,googlewebmastercentral.blogspot.fr
96061,ebookgoogle.com
99855,google.dj
100632,googlefun.ir
102877,keywordgoogleranking.com
103662,checkergooglerank.com
107335,addgoogle.com
108032,google.li
108252,googlegoro.com
109320,googlecheckrank.com
109657,getgooglerank.com
111505,googleplussuomi.com
112758,googlewebmastercentral-de.blogspot.ie
113249,submitgoogleurl.com
114374,mastergoogle.com
118368,googlesubmiturl.com
118465,googlepagerankexperts.com
118579,googlewebmastercentral.blogspot.com.es
118908,agoogleaday.com
119489,googleplusdaily.com
120635,googlediscovery.com
122804,trucosgoogleanalytics.com
126190,googlewebmastercentral.blogspot.com.au
126514,googlechromereleases.blogspot.com
126605,google-store.com
127295,googlesgeek.net
127497,google.com.iq
127583,googleblog.blogspot.co.uk
129453,googlexpres.blogspot.in
131607,googlewebmaster-es.blogspot.com.es
132162,googlefight.com
133237,google.co.vi
133617,googlesciencefair.com
134784,google.to
137162,googlepluscoverphoto.blogspot.com
143149,googleblog.blogspot.com.au
143816,google.bi
149675,todaygoogle.com
153758,google.im
155620,youtube.com/user/googleanalytics
156632,googleenterprise.com
158632,picturesgoogle.com
159184,googledevelopers.blogspot.com
159296,igoogleportal.com
160101,google.com.sl
162228,googledocs.blogspot.com
168244,google.com.sb
170348,googlewebmastercentral.blogspot.it
170722,googlewebmastercentral.blogspot.com.br
170865,google.vg
175250,google-keywordplanner.com
175561,googleblog.blogspot.fr
177784,vipgoogle.com
178619,googlewebmaster-es.blogspot.com
179055,googleetaxi.com
179636,googlemon.pl
181100,googlemapsmania.blogspot.com
182948,google.com.fj
184618,googlechrometutorial.com
185141,googletrender.com
186629,google.co.ls
186887,googleadsensespecialist.info
187124,google.uk
189048,google-mkto.com
192459,actu-google.com
193578,google.dm
196526,google.com.tj
197353,googleenterprise.blogspot.com
198641,googlesearchbot.org
202567,googleadwordsmockexam.com
202659,googlearaclari.com
204523,google.in
204703,googletricks.com
204903,google.tl
207831,googleseoblog.com
208583,googlezebra.com
212340,googlewebmastercentral.blogspot.se
213388,googlenexusforum.com
215745,powersearchingwithgoogle.com
216063,dmozgoogle.com
226137,googlesystem.blogspot.co.uk
226241,google.ng
226379,google-store-android.com
226578,googlewebmastercentral.blogspot.ro
227456,googleblog.blogspot.com.es
227627,site-google.ir
231688,googlesightseeing.com
232412,googlepagerankgurus.com
233511,googletoday.net
234824,googlelunarxprize.org
235434,google.gm
235849,google.com.uk
236989,google.sm
243035,hellogoogle.com
245750,googlewebmastercentral.blogspot.be
249242,google-latlong.blogspot.com
250252,googlerank.it
250381,googleping.net
252684,google.gl
254074,cleangoogle.com
254922,googlepartnerconnect.com
255793,google.com.tn
256467,googlepozycja.pl
257911,google.com.ai
258027,googledisk.ru
262103,googledasiralama.com
263035,googlewebmastercentral.blogspot.com.ar
267378,google-penalty.com
267985,sites.google.com/site/sites
268744,googleblog.blogspot.com.br
270264,jasagoogleadsense.com
271108,googlefrance.blogspot.fr
277090,google.com.ag
281074,akademiagooglepartners.pl
281732,google.ga
285504,googleapplive.com
285909,googleadsdeveloper.blogspot.com
287765,googleblog.blogspot.ca
290674,google-academie.fr
290681,easy-google-search.blogspot.com
293382,googlevoice.com
295460,googledirectorio.com
295504,tugoogle.com
298192,thegooglecache.com
300247,googleadsensesandbox.com
302426,google.au
302458,googlearamax.com
302599,googlewebmaster-es.blogspot.mx
305971,googlesniperw.com
312009,googleblog.blogspot.mx
312759,google-plus.pl
313215,toursgoogle.com
316590,google-proxy.net
316858,googledrive.blogspot.com
319968,mygooglepagerank.net
320175,googlesystem.blogspot.fr
323409,googlepositions.info
328055,googleblog.blogspot.ie
328994,google-vote.blogspot.com
330163,googledisplayplanner.com
333655,djgoogle.in
336183,ilovegooglerobot.wordpress.com
338433,googleplus.com.es
338875,googlewebmaster-es.blogspot.com.ar
339041,youtube.com/user/learnwithgoogle
339277,googlephones.ru
340564,googletvforum.org
340918,googlegeniusonline.blogspot.com
345067,googlecommerce.blogspot.com
345124,googlecode.blogspot.com
345303,google-productos-es.blogspot.com
353582,googlecustomsearch.blogspot.com
354281,googleblog.blogspot.it
356428,orbitgoogle.com
358014,googledevelopers.blogspot.in
362208,googlecustomsearch.appspot.com
362546,google-pinwheel.appspot.com
363379,sites.google.com/site/dungeonworldkr
364998,ninjagoogle.com
368985,googlekontur.com
369927,googledocs.blogspot.in
374259,googlesearchengineland.blogspot.in
374333,googlepleks.com
376926,referencementgooglegratuit.com
377216,googlemobileads.blogspot.com
380446,googleresearch.blogspot.com
382129,google-arabia.blogspot.com
382404,googlevoiceblog.blogspot.com
382622,googlewebmastercentral.blogspot.mx
386263,google-productos-es.blogspot.com.es
387686,google-opensource.blogspot.com
390271,googlepolska.blogspot.com
390734,googleplusdirectory.net
395366,googlerank.ir
395447,google.vu
396549,ggooglebr.blogspot.com.br
396663,google.ir
397040,googlehosted.com
400498,googlesniper3.com
401196,googlecover.com
401235,googleseo.ir
401738,googlewebmastercentral.blogspot.com.tr
403281,googleblog.blogspot.sg
406230,googleitfor.me
406383,google-play.net
406864,google-analysts.com
408662,google-earth-free.blogfa.com
410481,google-glasses.kz
410856,googleplacesoptimization.org
410957,googlecloudplatform.blogspot.com
412402,google-chrome-coupons.com
415758,googlesniper-esp.com
419049,googlenewssubmit.com
423367,youtube.com/user/googlechrome
427875,google-earth.es
428054,adictosagoogle.com
428984,googlebuk.com
429715,certificaciongoogleanalytics.com
432512,googlemap.com
433569,googleitalia.blogspot.it
434993,google-opensource.blogspot.in
438700,googlehot.ru
439186,googleenterprise.blogspot.in
445863,google-honeymoon.blogspot.com
446311,bing-vs-google.com
449478,puregoogle.ru
451409,miogoogle.com
452243,googlerank.com
453222,googleonlinesecurity.blogspot.co.uk
453242,google.fm
453337,googlewd.net
454104,google-cache.de
455336,googlerajya.com
455922,googlechromereleases.blogspot.ie
457683,cgoogle.com
462843,googlesystem.blogspot.com.es
465406,google.co.im
466848,googlermania.com
469867,google.jp
470503,googleforstudents.blogspot.com
470698,google.mw
471769,googleplusfriends.com
471925,google.gg
471956,buygoogleglassonline.in
473664,googleindia.blogspot.in
473871,trendinggoogle.com
474037,googletotal.com
476471,googlemonde.com
482414,googlesystem.blogspot.com.au
485400,googlecode.blogspot.in
486812,buygooglefollower.com
488217,bengoogle.com
488499,googlechromereleases.blogspot.in
488656,google.sh
490180,googleresearch.blogspot.ca
490375,googlepages.com
491035,comgoogle.com
492900,googlenews.in
496223,googleleadservices.com
499702,googlec.om
500841,googlewebmastercentral.blogspot.pt
502073,googleglass.gs
502686,googleadsensecode.com
503267,seogoogleguru.com
503618,mahirseogoogle.blogspot.com
505517,googlecloudplatform.blogspot.in
506698,googlesystem.blogspot.ca
508447,plusgoogle.com
510400,googlewebmastercentral.blogspot.co.il
513562,googlecalendars.com.ar
513819,easy-google-search.blogspot.in
519936,googlefashion.co.uk
521183,google-press-release.com
522796,allesuebergoogleplus.de
523865,internetmarketinggoogle.com
524859,googlenewsblog.blogspot.in
529533,googletranlsateredirect.blogspot.com
531412,googleandyourbusiness.blogspot.com
531794,youtube.com/user/googleglass
532883,googler.pe.kr
533101,googleksa.com
536069,igoogledisrael.com
539200,referencementgoogle.com
539958,googleq8.com
540119,googlecinema.net
540366,googlerim.net
542724,googleadsdeveloper.blogspot.in
543109,googlesystem.blogspot.com.br
546572,cantgoogleeverything.blogspot.com
547043,google-backlink-indexer.com
548853,googleroom.us
549096,googlegeodevelopers.blogspot.com
551058,google.ms
555819,tipsgoogleseo.blogspot.com
555994,google-productos-es.blogspot.mx
557425,escortsgoogle.es
560159,googleblog.blogspot.com.ar
560706,livre-google-adwords.com
561215,sites.google.com/site/phgarinrechercheemploi
563066,ads4google.in
563129,googlesniper2helper.com
568932,googleprank.com
579390,google-gruyere.appspot.com
580013,gonegoogle.com
580342,1engoogle.com
583757,vngoogle.com
583808,archive-google.com
583975,googletutor.com
589908,googleblog.blogspot.ro
593225,googlerankchecker.net
593895,pageonegooglesecrets.com
594632,lunettesgoogle.fr
597557,googlemark.info
599112,googletop.net
599761,googleespana.blogspot.com.es
603369,googlewebmastercentral.blogspot.ie
606229,google-map-it.com
608554,googleplusinside.de
610139,embed-google-map.com
612944,getbackongoogle.com
614493,googlebrasilblog.blogspot.com.br
616110,mapa-google.pl
618262,google-geek.com
618987,googlemapsmania.blogspot.co.uk
619862,googleboys.com.br
622826,googlegravity.org
626717,bergoogleo.com
626876,google.ua
628204,googlemobile.blogspot.com
628421,googlecustomsearch.blogspot.in
629168,googlexxl.blogspot.fr
631260,googleasiapacific.blogspot.sg
632878,googleforstudents.blogspot.in
633440,google.com.by
641193,google.com.fr
641327,googlezerogravity.com
641456,googlex.in
641935,googleonlinesecurity.blogspot.com
643327,googlenewsblog.blogspot.com
643727,googlelearn.com
644978,googleglassandroidapplications.com
647440,googlewebmastercentral.blogspot.co.at
650699,google-seo-tool.nl
651854,google-street-view.com
653496,google.co.us
653787,googlewebmastercentral.blogspot.sg
655853,googleappsupdates.blogspot.com
658006,googleblog.blogspot.com.tr
658678,syriagoogle.com
659069,google-ukraine-blog.blogspot.com
664887,googlecrespo.com.ar
665025,googlemusicsearch.com
666228,googleappsupdates.blogspot.in
666252,googlewebmastercentral.blogspot.gr
668596,emailgoogle.in
671646,seoforgoogle.biz
674029,dudegoogleit.com
679223,googleonlinesecurity.blogspot.in
679627,googleplusplatform.blogspot.com
680887,google.com.ae
684620,hoehoogstaikingoogle.nl
687124,googletools.net
687707,advgoogle.blogspot.in
689518,cngoogle8.com
689609,googlemodules.com
691755,googlekeywordintrends.blogspot.in
694058,google-adwords.tw
694513,googlelocalseoservice.wordpress.com
694816,googlecoding.com
694987,sites.google.com/site/abdualzizzofficeintellectual
696448,sites.google.com/site/alamelarabi
700911,forum-referencement-google.com
701474,x8google.com
702414,googleenterprise.blogspot.fr
703190,google.tk
703873,googlepr.net
710300,google-latlong.blogspot.in
713009,googledesktop.blogspot.com
716849,googlepluscovers.com
720762,google.ki
723397,google-search-engine-optimization.com
724069,googlemapsmania.blogspot.ca
724640,sites.google.com/site/gjbrfoot35
725112,iranigoogle.ir
725849,newgoogleproxy.com
726356,googlegeodevelopers.blogspot.in
726822,mygoogleglass.de
726996,google.tr
730459,googlereferral.com
731203,google-business-directory.com
734874,makegooglemyhomepage.com
737346,mygoogleplus.de
740220,googleblog.blogspot.se
741180,googletagservices.com
743446,google-plus-marketing.nl
743617,google-engage.appspot.com
744163,googlefonts.com
744560,bookmarksgoogle.com
745485,googlewebfonts.blogspot.com
747944,googlegames.in
751428,googlesiram.com
752512,googlearticles.info
753523,googleclassicads.com
753883,youtube.com/user/googlemaps
757117,angular-google-maps.org
758506,google.com.es
759728,googlemmm.com
763664,goodreads.com/user/google_sign_in
763746,googlepress.blogspot.com
763810,google.com.ve
770215,googleappsforedu.com
770783,googleenterprisefrance.blogspot.fr
771348,trangvanggoogle.com
771756,googlesystem.blogspot.it
772667,google.br
774318,googleweblist.com
778417,googleonlineseo.com
779810,googlechromereleases.blogspot.ca
779899,google.gen.tr
780327,googlechromeindir.com
781561,googleoutlook.com
783471,googlel.com
784278,sites.google.com/site/eigotangel
785891,predkladacgoogle.info
786741,comoganardinerogoogle.blogspot.com.ar
787881,googlepublicpolicy.blogspot.com
789570,google-it.com
789843,googleaffiliatenetwork-blog.blogspot.com
792737,googlealert.com
793859,googlemaps.com
794033,googlexpres.blogspot.com
794059,personalgoogle.net
796879,the-googleglass.ru
797839,submittogooglefree.tk
798579,googledrive.blogspot.in
801290,google.nr
803957,sites.google.com/site/witcherymod
808807,youtube.com/user/googlenexus
809736,googlepr.sk
811414,googleartproject.com
813631,googlewebmastercentral.blogspot.ae
814849,googlechrome.com
815344,googleappsupdates.blogspot.fr
816567,vugoogle.com
816575,googlemobile.blogspot.in
819537,googlephotos.blogspot.com
822640,googlepagerankupdate.net
825186,googleanalytica.com
827096,google.ac
827581,google-content-api-tools.appspot.com
833477,googlekacincisiradayim.com
838635,googleearthonline.blogspot.com
842050,googlepredatordrone.com
848171,googlefiberblog.blogspot.com
849884,porn-google.com
850697,musaerdogmusgooglekazanclari.com
852727,google2fa.mihanblog.com
854770,googlemapsguru.com.au
855089,googlesystem.blogspot.mx
856981,googlehammer.com
857044,googleenterprise.blogspot.co.uk
857228,google-tr.blogspot.com.tr
858302,djkgoogleshadow.org
860640,googletrends.com
860911,tout-sur-google-earth.com
861669,googletesting.blogspot.in
862554,mycompanyongoogle.com
863177,googleseopros.com
863520,googlechromereleases.blogspot.gr
867134,internet-werbung-mit-google.de
868896,google.uk.com
873864,googleground.hu
874386,googlewebmastercentral-de.blogspot.co.at
878783,googleactuality.blogspot.fr
880228,art-on-google.com
881005,googlemail.com
886902,googlecommerce.blogspot.in
887234,googlehome.ge
893861,googleresearch.blogspot.in
895409,google-suggest.tumblr.com
899158,aprendergoogleplus.com
901748,sites.google.com/site/fisicalll3
902233,googlemapsmania.blogspot.in
907175,google.ma
910693,googlepleasehire.me
910720,googleimageripper.com
914041,googleblog.blogspot.co.il
918567,googledocstips.com
918740,googledrive.blogspot.fr
919646,googleuzmani.net
920302,googlenotes.com
922007,reklamawgoogle.pl
923475,migoogleplus.com
925319,googler.com
926083,googlesystem.blogspot.co.at
927219,googlehocam.blogspot.com.tr
927857,googleplaces-optimisation.com
928124,buygooglereviews.com
928886,google.co.je
929108,googleearthonline.blogspot.in
931509,googletranslate.blogspot.com
931795,googlebig.com
932198,googlechrome.com.br
933263,discovergoogle.com
933401,google-sucks.org
934646,queesgoogle.com
941165,googlesystem.blogspot.pt
943577,google-kupon.ru
945371,googleadspreview.blogspot.in
946924,googleglassssss.blogspot.com
950012,googleonlinejobs.net
951385,googlefiber.net
952124,theapplegoogle.com
953651,googleappsdeveloper.blogspot.com
954071,googleplusnoticias.com
954148,googlec.com
956032,google.com/~r
956157,google.cf
958380,googlenewsrankingfactors.com
959480,indiagoogle.in
960493,mygoogletv.com
961452,getgooglesniper.com
963629,googlekullan.com
963894,sites.google.com/site/neuroanatomiateste
965908,bookmarkgoogle.com
968027,google-kai.com
969182,googleview.com
972026,googlesearchpositionfinder.com
977025,sites.google.com/site/1914couvin
978216,fgoogle.de
983797,googlefaxnumber.com
984805,googlealta.com
987234,google-pagerank.pl
993099,googlethem.com
998158,google.blogspot.in
999196,getgoogleadsfree.com
999908,googlerajinikanth.com
